# This file uses centimeters as units for non-parametric coordinates.

mtllib HeroItemv3.mtl
g default
v -0.105475 4.254654 1.574844
v 0.064822 4.254654 1.574844
v -0.105475 4.586414 1.574844
v 0.064822 4.586414 1.574844
v -0.105475 4.586414 -2.308407
v 0.064822 4.586414 -2.308407
v -0.105475 4.254654 -2.308407
v 0.064822 4.254654 -2.308407
v 0.064822 4.254654 1.574844
v -0.105475 4.254654 1.574844
v 0.064822 4.586414 1.574844
v -0.105475 4.586414 1.574844
v 0.064822 4.586414 -2.308407
v -0.105475 4.586414 -2.308407
v 0.064822 4.254654 -2.308407
v -0.105475 4.254654 -2.308407
v -0.117143 4.098503 1.552856
v -0.205249 4.145197 1.551000
v -0.205249 4.145197 -2.284562
v -0.117143 4.098503 -2.286419
v -0.239052 4.247194 1.545368
v -0.239052 4.247194 -2.278930
v 0.076491 4.098503 1.552856
v -0.239052 4.593875 1.545368
v 0.198400 4.247194 1.545368
v 0.164597 4.145197 1.551000
v 0.164597 4.145197 -2.284562
v 0.198400 4.247194 -2.278930
v 0.076491 4.098503 -2.286419
v 0.198400 4.593875 1.545368
v -0.205249 4.695872 1.551000
v -0.205249 4.695872 -2.284562
v -0.239052 4.593875 -2.278930
v -0.117143 4.742566 1.552856
v -0.117143 4.742566 -2.286419
v 0.076491 4.742566 1.552856
v 0.164597 4.695872 1.551000
v 0.164597 4.695872 -2.284562
v 0.076491 4.742566 -2.286419
v 0.198400 4.593875 -2.278930
v -0.147057 3.978178 1.552856
v -0.304271 4.061499 1.551000
v -0.304271 4.061499 -2.284562
v -0.147057 3.978178 -2.286419
v -0.359377 4.227774 1.545368
v -0.359377 4.227774 -2.278930
v 0.318725 4.227774 1.545368
v 0.263619 4.061499 1.551000
v 0.263619 4.061499 -2.284562
v 0.318725 4.227774 -2.278930
v 0.106405 3.978178 1.552856
v 0.106405 3.978178 -2.286419
v -0.359377 4.613295 1.545368
v -0.304271 4.779571 1.551000
v -0.304271 4.779571 -2.310503
v -0.359377 4.613295 -2.278930
v -0.147057 4.862891 1.552856
v -0.237762 4.838002 -2.316911
v 0.106405 4.862891 1.552856
v 0.263619 4.779571 1.551000
v 0.263619 4.779571 -2.284562
v 0.187292 4.838019 -2.316970
v 0.318725 4.613295 1.545368
v 0.318725 4.613295 -2.278930
v 0.064822 4.254654 1.574844
v -0.105475 4.254654 1.574844
v 0.064822 4.254654 1.574844
v -0.105475 4.254654 1.574844
v 0.064822 4.586414 1.574844
v 0.064822 4.586414 1.574844
v -0.105475 4.586414 1.574844
v -0.105475 4.586414 1.574844
v 0.064822 4.586414 -2.308407
v -0.105475 4.586414 -2.308407
v 0.064822 4.586414 -2.308407
v -0.105475 4.586414 -2.308407
v 0.064822 4.254654 -2.308407
v 0.064822 4.254654 -2.308407
v -0.105475 4.254654 -2.308407
v -0.105475 4.254654 -2.308407
v -0.280828 4.254388 -2.911984
v -0.271219 4.169754 -2.917681
v -0.317469 4.118889 -2.931785
v -0.315032 4.238275 -2.911984
v 0.267110 4.118913 -2.936072
v 0.247298 4.253125 -2.912016
v 0.261693 4.237275 -2.912016
v -0.273962 4.671585 -2.917366
v -0.282368 4.583945 -2.912300
v -0.312291 4.600631 -2.912300
v -0.316808 4.759265 -2.950253
v 0.244487 4.570876 -2.912016
v 0.266701 4.760326 -2.944429
v 0.266704 4.590295 -2.912016
v 0.048389 4.040673 -2.870180
v -0.089041 4.040673 -2.870180
v -0.120047 4.100338 2.061274
v -0.212501 4.156282 2.059131
v -0.243403 4.256450 2.053814
v 0.202751 4.256450 2.053814
v 0.171849 4.156282 2.059131
v 0.079395 4.100338 2.061274
v -0.243403 4.584619 2.053814
v -0.212501 4.684787 2.059131
v -0.120047 4.740731 2.061274
v 0.079395 4.740731 2.061274
v 0.171849 4.684787 2.059131
v 0.202751 4.584619 2.053814
v -0.098033 4.171021 2.061274
v -0.104738 4.147693 2.091309
v 0.064086 4.147693 2.091309
v 0.057381 4.171021 2.061274
v -0.170078 4.214616 2.059131
v -0.190289 4.199674 2.089216
v -0.194159 4.292672 2.053814
v -0.217623 4.289602 2.083674
v -0.194159 4.548398 2.053814
v -0.217623 4.551467 2.083674
v 0.153506 4.292672 2.053814
v 0.176970 4.289602 2.083674
v 0.176971 4.551467 2.083674
v 0.153506 4.548398 2.053814
v 0.129426 4.214616 2.059131
v 0.149544 4.199747 2.089216
v -0.170078 4.626453 2.059131
v -0.190196 4.641323 2.089216
v -0.098033 4.670047 2.061274
v -0.104738 4.693376 2.091309
v 0.057381 4.670047 2.061274
v 0.064086 4.693376 2.091309
v 0.129426 4.626453 2.059131
v 0.149637 4.641396 2.089216
v -0.228107 4.165580 2.089278
v -0.115246 4.100668 2.091319
v -0.264657 4.281586 2.083685
v 0.187473 4.165565 2.089278
v 0.224005 4.281586 2.083685
v 0.074594 4.100668 2.091320
v -0.228125 4.675504 2.089278
v -0.264657 4.559483 2.083685
v -0.115246 4.740402 2.091320
v 0.187454 4.675489 2.089278
v 0.074594 4.740402 2.091320
v 0.224005 4.559483 2.083685
v 0.078790 4.219781 -4.672877
v -0.133523 3.551468 -6.999984
v -0.217160 4.710186 -2.938624
v 0.166890 4.151202 -2.940233
v 0.104928 3.644136 -4.676699
v 0.166947 4.710186 -2.938624
v 0.152860 4.740251 -2.938624
v 0.083310 4.286228 -6.999984
v 0.104986 4.202588 -4.671267
v 0.083310 3.551468 -6.999984
v 0.104928 4.285856 -6.978366
v -0.133523 4.286228 -6.999984
v 0.104928 3.551929 -6.978366
v 0.145329 4.718633 -2.337324
v -0.133481 4.307431 -6.977959
v -0.195811 4.740251 -2.358942
v -0.195542 4.160002 -2.337324
v 0.166947 4.159685 -2.358942
v 0.145329 4.160002 -2.337324
v -0.195223 4.138384 -2.358942
v -0.129088 4.219793 -4.673174
v 0.145010 4.138384 -2.358942
v -0.217160 4.159685 -2.358942
v 0.166947 4.718362 -2.358942
v -0.217160 4.718362 -2.358942
v 0.088046 3.617914 -4.672877
v -0.195542 4.718633 -2.337324
v -0.203073 4.740251 -2.938624
v 0.083268 4.307431 -6.977959
v -0.186351 4.138384 -2.938624
v 0.145598 4.740251 -2.358942
v -0.138117 3.618078 -4.672332
v -0.155141 3.551929 -6.978366
v -0.155141 4.285856 -6.978366
v -0.133568 3.530264 -6.977959
v 0.083355 3.530264 -6.977959
v -0.217160 4.151168 -2.938624
v 0.136509 4.138384 -2.937461
v -0.155141 4.202588 -4.672877
v -0.155141 3.645392 -4.672877
v -0.170169 4.320282 -4.686209
v -0.252737 4.839918 -2.954510
v 0.202617 4.839901 -2.954505
v 0.119897 4.320281 -4.685903
v -0.219421 4.038461 -2.924791
v -0.180565 3.518466 -4.655836
v 0.130591 3.518337 -4.656455
v 0.170031 4.038426 -2.923654
v 0.266214 4.096546 -2.961087
v 0.207199 3.614163 -4.615094
v 0.205778 4.248946 -4.650746
v 0.266059 4.742401 -2.965140
v -0.255915 3.605029 -4.667286
v -0.317757 4.100774 -2.933298
v -0.317494 4.743758 -2.945673
v -0.255818 4.244557 -4.679520
v -0.179698 3.431370 -7.018468
v 0.129211 3.431345 -7.018390
v -0.167797 4.858427 -2.282496
v 0.127158 4.858420 -2.282507
v -0.172447 4.407029 -7.016458
v 0.122165 4.407038 -7.016443
v -0.253864 3.513180 -7.018540
v -0.253246 4.331810 -7.020247
v 0.180145 4.039752 -2.318404
v -0.230228 4.039729 -2.318428
v -0.175759 4.329329 -7.097619
v 0.125547 4.329329 -7.097619
v 0.151598 3.480677 -7.055011
v -0.175837 3.508445 -7.097619
v -0.317160 4.105291 -2.339442
v -0.317160 4.749129 -2.317358
v -0.226752 4.089063 -2.266843
v 0.176539 4.089063 -2.266843
v 0.228811 4.080725 -2.326794
v 0.208787 3.520193 -7.015930
v -0.201833 4.779352 -2.223813
v 0.177598 4.789142 -2.266412
v 0.229011 4.771681 -2.310210
v 0.225717 4.317591 -6.999000
v -0.244123 4.837539 -2.314909
v 0.193910 4.837539 -2.314909
v 0.202617 4.839901 -2.954505
v -0.252737 4.839918 -2.954510
v -0.147057 3.978178 1.552856
v -0.304271 4.061499 1.551000
v -0.359377 4.227774 1.545368
v 0.318725 4.227774 1.545368
v 0.263619 4.061499 1.551000
v 0.106405 3.978178 1.552856
v -0.359377 4.613295 1.545368
v -0.304271 4.779571 1.551000
v -0.147057 4.862891 1.552856
v 0.106405 4.862891 1.552856
v 0.263619 4.779571 1.551000
v 0.318725 4.613295 1.545368
v -0.115246 4.100668 2.091319
v -0.228106 4.165580 2.089278
v -0.264657 4.281585 2.083685
v 0.224005 4.281586 2.083684
v 0.187472 4.165565 2.089277
v 0.074593 4.100667 2.091320
v -0.264657 4.559483 2.083685
v -0.228126 4.675503 2.089278
v -0.115246 4.740402 2.091319
v 0.074594 4.740401 2.091320
v 0.187454 4.675488 2.089278
v 0.224005 4.559483 2.083685
v -0.311527 4.072589 2.059376
v -0.286968 4.093355 2.089278
v -0.333873 4.242223 2.083685
v -0.363726 4.237026 2.053567
v -0.149962 3.980013 2.061388
v -0.142136 4.010054 2.091319
v 0.109309 3.980013 2.061388
v 0.101484 4.010054 2.091320
v -0.333873 4.598845 2.083685
v -0.363726 4.604043 2.053567
v 0.270875 4.072590 2.059404
v 0.246340 4.093336 2.089278
v 0.323074 4.237026 2.053567
v 0.293221 4.242223 2.083685
v 0.323074 4.604043 2.053567
v 0.293221 4.598845 2.083685
v -0.311527 4.768480 2.059404
v -0.286992 4.747734 2.089278
v -0.142136 4.831016 2.091320
v -0.149962 4.861056 2.061388
v 0.101484 4.831016 2.091320
v 0.109309 4.861056 2.061388
v 0.270874 4.768480 2.059376
v 0.246316 4.747715 2.089278
v -0.147057 3.978178 1.552856
v -0.304271 4.061499 1.551000
v -0.359377 4.227774 1.545368
v 0.318725 4.227774 1.545368
v 0.263619 4.061499 1.551000
v 0.106405 3.978178 1.552856
v -0.359377 4.613295 1.545368
v -0.304271 4.779571 1.551000
v -0.147057 4.862891 1.552856
v 0.106405 4.862891 1.552856
v 0.263619 4.779571 1.551000
v 0.318725 4.613295 1.545368
v -0.115246 4.100668 2.091319
v -0.228107 4.165580 2.089278
v -0.264657 4.281586 2.083685
v 0.224005 4.281586 2.083685
v 0.187473 4.165565 2.089278
v 0.074594 4.100668 2.091320
v -0.264657 4.559483 2.083685
v -0.228125 4.675504 2.089278
v -0.115246 4.740402 2.091320
v 0.074594 4.740402 2.091320
v 0.187454 4.675489 2.089278
v 0.224005 4.559483 2.083685
v 0.140352 4.517474 -2.968238
v 0.167794 4.526600 -2.867540
v 0.185219 4.472800 -2.867326
v 0.157906 4.463278 -2.968022
v 0.106962 4.563577 -2.968422
v 0.130373 4.580782 -2.867755
v 0.163518 4.535017 -2.867573
v 0.061005 4.597072 -2.968555
v 0.078094 4.620712 -2.867914
v 0.123714 4.587462 -2.867782
v 0.006980 4.614681 -2.968625
v 0.016073 4.642482 -2.868001
v 0.069703 4.625001 -2.867931
v -0.049826 4.614681 -2.968625
v -0.049618 4.643960 -2.868007
v 0.006772 4.643960 -2.868007
v -0.103851 4.597072 -2.968555
v -0.112549 4.625001 -2.867931
v -0.058919 4.642482 -2.868001
v -0.149808 4.563577 -2.968422
v -0.166560 4.587462 -2.867782
v -0.120940 4.620712 -2.867914
v -0.183198 4.517474 -2.968238
v -0.206364 4.535017 -2.867573
v -0.173219 4.580782 -2.867755
v -0.200752 4.463278 -2.968022
v -0.228065 4.472800 -2.867326
v -0.210640 4.526600 -2.867540
v -0.200752 4.406292 -2.967796
v -0.229538 4.406901 -2.867064
v -0.229538 4.463470 -2.867289
v -0.183198 4.352096 -2.967580
v -0.210640 4.343771 -2.866812
v -0.228065 4.397570 -2.867027
v -0.149808 4.305993 -2.967397
v -0.173219 4.289589 -2.866597
v -0.206364 4.335353 -2.866779
v -0.103851 4.272498 -2.967263
v -0.120940 4.249659 -2.866438
v -0.166560 4.282908 -2.866570
v -0.049826 4.254889 -2.967194
v -0.058919 4.227889 -2.866352
v -0.112549 4.245370 -2.866421
v 0.006980 4.254889 -2.967194
v 0.006772 4.226411 -2.866346
v -0.049618 4.226411 -2.866346
v 0.061005 4.272498 -2.967263
v 0.069703 4.245370 -2.866421
v 0.016073 4.227889 -2.866352
v 0.106962 4.305993 -2.967397
v 0.123714 4.282908 -2.866570
v 0.078094 4.249659 -2.866438
v 0.140352 4.352096 -2.967580
v 0.163518 4.335353 -2.866779
v 0.130373 4.289589 -2.866597
v 0.157906 4.406292 -2.967796
v 0.185219 4.397570 -2.867027
v 0.167794 4.343771 -2.866812
v 0.186692 4.463470 -2.867289
v 0.186692 4.406901 -2.867064
v 0.157906 4.465729 -2.351866
v 0.185219 4.474451 -2.452635
v 0.167794 4.528250 -2.452849
v 0.140352 4.519925 -2.352082
v 0.163518 4.536668 -2.452883
v 0.130373 4.582432 -2.453065
v 0.106962 4.566028 -2.352265
v 0.123714 4.589112 -2.453091
v 0.078094 4.622362 -2.453224
v 0.061005 4.599523 -2.352398
v 0.069703 4.626651 -2.453241
v 0.016073 4.644132 -2.453310
v 0.006980 4.617133 -2.352468
v 0.006772 4.645609 -2.453316
v -0.049618 4.645609 -2.453316
v -0.049826 4.617133 -2.352468
v -0.058919 4.644132 -2.453310
v -0.112549 4.626651 -2.453241
v -0.103851 4.599523 -2.352398
v -0.120940 4.622362 -2.453224
v -0.166560 4.589112 -2.453092
v -0.149808 4.566028 -2.352265
v -0.173219 4.582432 -2.453065
v -0.206364 4.536668 -2.452883
v -0.183198 4.519925 -2.352082
v -0.210640 4.528250 -2.452850
v -0.228065 4.474450 -2.452635
v -0.200752 4.465729 -2.351866
v -0.229538 4.465119 -2.452598
v -0.229538 4.408551 -2.452373
v -0.200752 4.408743 -2.351640
v -0.228065 4.399220 -2.452336
v -0.210640 4.345421 -2.452122
v -0.183198 4.354547 -2.351424
v -0.206364 4.337003 -2.452089
v -0.173219 4.291239 -2.451907
v -0.149808 4.308444 -2.351241
v -0.166560 4.284558 -2.451880
v -0.120940 4.251308 -2.451748
v -0.103851 4.274949 -2.351107
v -0.112549 4.247019 -2.451731
v -0.058919 4.229539 -2.451661
v -0.049826 4.257339 -2.351037
v -0.049618 4.228061 -2.451655
v 0.006772 4.228061 -2.451655
v 0.006980 4.257339 -2.351037
v 0.016073 4.229539 -2.451661
v 0.069703 4.247019 -2.451731
v 0.061005 4.274949 -2.351107
v 0.078094 4.251308 -2.451748
v 0.123714 4.284558 -2.451880
v 0.106962 4.308444 -2.351241
v 0.130373 4.291239 -2.451907
v 0.163518 4.337003 -2.452089
v 0.140352 4.354547 -2.351424
v 0.167794 4.345421 -2.452122
v 0.185219 4.399220 -2.452336
v 0.157906 4.408743 -2.351640
v 0.186692 4.408551 -2.452373
v 0.186692 4.465119 -2.452598
v 0.127120 4.411183 -2.967815
v 0.112580 4.366291 -2.967637
v 0.084922 4.328103 -2.967485
v 0.046855 4.300357 -2.967374
v 0.002104 4.285771 -2.967316
v -0.044950 4.285771 -2.967316
v -0.089701 4.300357 -2.967374
v -0.127769 4.328103 -2.967485
v -0.155426 4.366291 -2.967637
v -0.169967 4.411183 -2.967815
v -0.169967 4.458386 -2.968003
v -0.155426 4.503279 -2.968182
v -0.127769 4.541467 -2.968333
v -0.089701 4.569212 -2.968444
v -0.044950 4.583799 -2.968502
v 0.002104 4.583799 -2.968502
v 0.046855 4.569212 -2.968444
v 0.084922 4.541467 -2.968333
v 0.112580 4.503279 -2.968182
v 0.127120 4.458386 -2.968003
v 0.127120 4.460837 -2.351847
v 0.112580 4.505730 -2.352025
v 0.084922 4.543918 -2.352177
v 0.046855 4.571663 -2.352288
v 0.002104 4.586250 -2.352346
v -0.044950 4.586250 -2.352346
v -0.089701 4.571663 -2.352288
v -0.127769 4.543918 -2.352177
v -0.155426 4.505730 -2.352025
v -0.169967 4.460837 -2.351847
v -0.169967 4.413634 -2.351659
v -0.155426 4.368742 -2.351480
v -0.127769 4.330554 -2.351328
v -0.089701 4.302809 -2.351218
v -0.044950 4.288222 -2.351160
v 0.002104 4.288222 -2.351160
v 0.046855 4.302809 -2.351218
v 0.084922 4.330554 -2.351328
v 0.112580 4.368742 -2.351480
v 0.127120 4.413634 -2.351659
v 0.198231 4.546519 -3.057593
v 0.222042 4.473050 -3.057296
v 0.127120 4.457991 -3.067335
v 0.112580 4.502884 -3.067514
v 0.240149 4.556409 -2.885161
v 0.230323 4.575755 -2.885245
v 0.261351 4.490949 -2.884896
v 0.240149 4.558198 -2.435466
v 0.261351 4.492738 -2.435210
v 0.264734 4.469525 -2.884808
v 0.152923 4.609040 -3.057850
v 0.084922 4.541072 -3.067666
v 0.189977 4.631463 -2.885474
v 0.174649 4.646839 -2.885544
v 0.189977 4.633251 -2.435750
v 0.230323 4.577544 -2.435536
v 0.090531 4.654486 -3.058039
v 0.046855 4.568817 -3.067776
v 0.119088 4.687334 -2.885712
v 0.099743 4.697221 -2.885759
v 0.119088 4.689123 -2.435956
v 0.174649 4.648628 -2.435803
v 0.017157 4.678387 -3.058139
v 0.002104 4.583404 -3.067834
v 0.034400 4.718520 -2.885848
v 0.012935 4.721931 -2.885865
v 0.034400 4.720309 -2.436068
v 0.099743 4.699011 -2.435989
v -0.060003 4.678387 -3.058139
v -0.044950 4.583404 -3.067834
v -0.055781 4.721931 -2.885865
v -0.077246 4.718520 -2.885848
v -0.055782 4.723720 -2.436079
v 0.012935 4.723720 -2.436080
v -0.133377 4.654486 -3.058039
v -0.089701 4.568817 -3.067776
v -0.142589 4.697222 -2.885759
v -0.161934 4.687334 -2.885712
v -0.142589 4.699011 -2.435989
v -0.077247 4.720308 -2.436068
v -0.195769 4.609040 -3.057850
v -0.127768 4.541072 -3.067666
v -0.217495 4.646839 -2.885544
v -0.232823 4.631462 -2.885474
v -0.217495 4.648628 -2.435803
v -0.161934 4.689123 -2.435956
v -0.241077 4.546519 -3.057593
v -0.155426 4.502884 -3.067514
v -0.273169 4.575755 -2.885245
v -0.282995 4.556409 -2.885161
v -0.273169 4.577544 -2.435536
v -0.232823 4.633251 -2.435750
v -0.264888 4.473050 -3.057296
v -0.169967 4.457991 -3.067335
v -0.304197 4.490949 -2.884896
v -0.307580 4.469525 -2.884808
v -0.304197 4.492738 -2.435210
v -0.282995 4.558198 -2.435466
v -0.264888 4.395810 -3.056988
v -0.169967 4.410788 -3.067148
v -0.307580 4.400707 -2.884535
v -0.304197 4.379283 -2.884452
v -0.307580 4.402496 -2.434854
v -0.307580 4.471314 -2.435127
v -0.241077 4.322340 -3.056702
v -0.155426 4.365895 -3.066969
v -0.282995 4.313822 -2.884196
v -0.273169 4.294477 -2.884126
v -0.282995 4.315611 -2.434500
v -0.304197 4.381072 -2.434766
v -0.195768 4.259819 -3.056460
v -0.127769 4.327707 -3.066817
v -0.232823 4.238770 -2.883912
v -0.217495 4.223392 -2.883859
v -0.232823 4.240559 -2.434188
v -0.273169 4.296266 -2.434417
v -0.133377 4.214374 -3.056288
v -0.089701 4.299963 -3.066706
v -0.161934 4.182898 -2.883706
v -0.142589 4.173010 -2.883673
v -0.161934 4.184687 -2.433949
v -0.217495 4.225182 -2.434118
v -0.060004 4.190473 -3.056198
v -0.044950 4.285376 -3.066648
v -0.077246 4.151712 -2.883594
v -0.055782 4.148301 -2.883583
v -0.077246 4.153501 -2.433814
v -0.142589 4.174799 -2.433903
v 0.017157 4.190472 -3.056198
v 0.002104 4.285377 -3.066648
v 0.012935 4.148301 -2.883583
v 0.034400 4.151711 -2.883593
v 0.012935 4.150090 -2.433797
v -0.055781 4.150090 -2.433797
v 0.090531 4.214374 -3.056288
v 0.046855 4.299963 -3.066706
v 0.099743 4.173009 -2.883673
v 0.119088 4.182898 -2.883706
v 0.099743 4.174799 -2.433903
v 0.034400 4.153501 -2.433814
v 0.152922 4.259820 -3.056460
v 0.084922 4.327707 -3.066817
v 0.174648 4.223392 -2.883859
v 0.189977 4.238770 -2.883912
v 0.174648 4.225182 -2.434118
v 0.119088 4.184687 -2.433950
v 0.198231 4.322340 -3.056702
v 0.112580 4.365896 -3.066969
v 0.230323 4.294477 -2.884126
v 0.240149 4.313822 -2.884196
v 0.230323 4.296266 -2.434417
v 0.189977 4.240559 -2.434188
v 0.222042 4.395810 -3.056988
v 0.127120 4.410788 -3.067148
v 0.261351 4.379283 -2.884452
v 0.264733 4.400707 -2.884535
v 0.261351 4.381072 -2.434766
v 0.240149 4.315611 -2.434501
v 0.264734 4.471314 -2.435128
v 0.264733 4.402495 -2.434854
v 0.222042 4.476211 -2.262673
v 0.198231 4.549680 -2.262961
v 0.112580 4.506125 -2.252693
v 0.127120 4.461233 -2.252515
v 0.152923 4.612201 -2.263201
v 0.084922 4.544313 -2.252845
v 0.090531 4.657647 -2.263374
v 0.046855 4.572059 -2.252955
v 0.017157 4.681549 -2.263464
v 0.002104 4.586645 -2.253013
v -0.060004 4.681549 -2.263464
v -0.044950 4.586645 -2.253013
v -0.133377 4.657647 -2.263374
v -0.089701 4.572059 -2.252955
v -0.195768 4.612201 -2.263201
v -0.127769 4.544313 -2.252845
v -0.241077 4.549680 -2.262961
v -0.155426 4.506125 -2.252693
v -0.264888 4.476211 -2.262673
v -0.169967 4.461233 -2.252515
v -0.264888 4.398971 -2.262366
v -0.169967 4.414030 -2.252326
v -0.241077 4.325502 -2.262069
v -0.155426 4.369137 -2.252148
v -0.195769 4.262981 -2.261812
v -0.127769 4.330949 -2.251996
v -0.133377 4.217535 -2.261623
v -0.089701 4.303204 -2.251886
v -0.060003 4.193634 -2.261523
v -0.044950 4.288618 -2.251828
v 0.017157 4.193634 -2.261523
v 0.002104 4.288617 -2.251828
v 0.090531 4.217535 -2.261623
v 0.046855 4.303204 -2.251886
v 0.152923 4.262980 -2.261812
v 0.084922 4.330949 -2.251996
v 0.198231 4.325501 -2.262069
v 0.112580 4.369137 -2.252148
v 0.222042 4.398971 -2.262366
v 0.127120 4.414030 -2.252326
v -0.089529 4.036758 -2.939643
v 0.089529 4.036758 -2.939643
v -0.089529 4.129848 -2.984266
v 0.089529 4.129848 -2.984266
v -0.089529 3.943535 -3.372946
v 0.089529 3.943535 -3.372946
v -0.089529 3.850444 -3.328322
v 0.089529 3.850444 -3.328322
v 0.104928 3.644136 -4.676699
v 0.104986 4.202588 -4.671267
v 0.205778 4.248946 -4.650746
v 0.207199 3.614163 -4.615094
v 0.207199 3.614163 -4.615094
v 0.207199 3.614163 -4.615094
v 0.207199 3.614163 -4.615094
v 0.207199 3.614163 -4.615094
v 0.207199 3.614163 -4.615094
v 0.207199 3.614163 -4.615094
v 0.207199 3.614163 -4.615094
v 0.207199 3.614163 -4.615094
v 0.205778 4.248946 -4.650746
v 0.205778 4.248946 -4.650746
v 0.205778 4.248946 -4.650746
v 0.205778 4.248946 -4.650746
v 0.205778 4.248946 -4.650746
v 0.205778 4.248946 -4.650746
v 0.205778 4.248946 -4.650746
v 0.205778 4.248946 -4.650746
v 0.208787 3.520193 -7.015930
v 0.208787 3.520193 -7.015930
v 0.208787 3.520193 -7.015930
v 0.208787 3.520193 -7.015930
v 0.208787 3.520193 -7.015930
v 0.208787 3.520193 -7.015930
v 0.208787 3.520193 -7.015930
v 0.225717 4.317591 -6.999000
v 0.225717 4.317591 -6.999000
v 0.225717 4.317591 -6.999000
v 0.225717 4.317591 -6.999000
v 0.225717 4.317591 -6.999000
v 0.225717 4.317591 -6.999000
v 0.225717 4.317591 -6.999000
vt 0.345592 0.219719
vt 0.316141 0.232885
vt 0.295925 0.174946
vt 0.161164 0.253867
vt 0.291485 0.252820
vt 0.285324 0.258999
vt 0.409461 0.248533
vt 0.403461 0.237494
vt 0.100903 0.347358
vt 0.519402 0.188641
vt 0.379738 0.226165
vt 0.427039 0.140620
vt 0.320775 0.308298
vt 0.332216 0.324863
vt 0.302272 0.446138
vt 0.329500 0.368818
vt 0.354083 0.327681
vt 0.399130 0.400502
vt 0.390895 0.315865
vt 0.406247 0.291466
vt 0.525244 0.344935
vt 0.248549 0.493036
vt 0.420162 0.273759
vt 0.541873 0.296149
vt 0.000000 0.000018
vt 0.000000 0.000018
vt 0.000000 0.000018
vt 0.000000 0.000018
vt 0.000000 0.000018
vt 0.000000 0.000018
vt 0.000000 0.000018
vt 0.000000 0.000018
vt 0.000000 0.000018
vt 0.000000 0.000018
vt 0.000000 0.000018
vt 0.000000 0.000018
vt 0.000000 0.000018
vt 0.000000 0.000018
vt 0.000000 0.000018
vt 0.000000 0.000018
vt 0.179640 0.300553
vt 0.166985 0.281550
vt 0.195097 0.264807
vt 0.200766 0.288392
vt 0.247458 0.288551
vt 0.227448 0.287674
vt 0.163979 0.384005
vt 0.549037 0.200979
vt 0.129559 0.363799
vt 0.150758 0.363499
vt 0.135144 0.333017
vt 0.152737 0.339823
vt 0.271086 0.355806
vt 0.305026 0.377974
vt 0.303258 0.409266
vt 0.283266 0.377260
vt 0.290521 0.432978
vt 0.280456 0.399348
vt 0.250268 0.428616
vt 0.251630 0.462220
vt 0.603453 0.276239
vt 0.232562 0.440573
vt 0.571371 0.276565
vt 0.210393 0.447134
vt 0.000000 0.000018
vt 0.000000 0.000018
vt 0.000000 0.000018
vt 0.000000 0.000018
vt 0.000000 0.000018
vt 0.000000 0.000018
vt 0.000000 0.000018
vt 0.000000 0.000018
vt 0.000000 0.000018
vt 0.000000 0.000018
vt 0.000000 0.000018
vt 0.000000 0.000018
vt 0.000000 0.000018
vt 0.000000 0.000018
vt 0.000000 0.000018
vt 0.000000 0.000018
vt 0.214810 0.174288
vt 0.205534 0.160576
vt 0.202151 0.143602
vt 0.218704 0.169832
vt 0.615258 0.055190
vt 0.629585 0.085205
vt 0.625053 0.082714
vt 0.376925 0.486266
vt 0.371611 0.470773
vt 0.375985 0.470191
vt 0.392918 0.506736
vt 0.610362 0.380832
vt 0.625575 0.419981
vt 0.607846 0.383980
vt 0.021049 0.252670
vt 0.398712 0.000009
vt 0.208208 0.326742
vt 0.340768 0.248387
vt 0.359032 0.252461
vt 0.357115 0.254291
vt 0.220141 0.321192
vt 0.334628 0.255988
vt 0.228932 0.326924
vt 0.328567 0.262255
vt 0.336547 0.246754
vt 0.336478 0.249079
vt 0.315043 0.253312
vt 0.312746 0.248281
vt 0.337568 0.224067
vt 0.339259 0.229778
vt 0.361820 0.241025
vt 0.357826 0.242050
vt 0.241154 0.369054
vt 0.325955 0.279596
vt 0.314629 0.287437
vt 0.311707 0.289611
vt 0.183047 0.351152
vt 0.375462 0.268477
vt 0.370932 0.282146
vt 0.367902 0.276530
vt 0.179090 0.342031
vt 0.370842 0.262209
vt 0.372831 0.257928
vt 0.370464 0.259398
vt 0.392776 0.264677
vt 0.388698 0.265402
vt 0.387483 0.296634
vt 0.385282 0.291497
vt 0.241928 0.369495
vt 0.330010 0.286389
vt 0.241196 0.369743
vt 0.340326 0.290320
vt 0.328700 0.288784
vt 0.329748 0.286500
vt 0.346077 0.299476
vt 0.344539 0.302386
vt 0.219108 0.378515
vt 0.360962 0.296073
vt 0.368111 0.315778
vt 0.371907 0.321897
vt 0.208209 0.385727
vt 0.366517 0.288782
vt 0.367284 0.302568
vt 0.366305 0.299080
vt 0.332070 0.255215
vt 0.341706 0.242517
vt 0.322651 0.260184
vt 0.374256 0.263861
vt 0.381260 0.270107
vt 0.357694 0.249683
vt 0.323173 0.283352
vt 0.321623 0.281673
vt 0.340819 0.291399
vt 0.370128 0.290592
vt 0.361132 0.302194
vt 0.377096 0.284620
vt 0.212935 0.313097
vt 0.203040 0.326402
vt 0.316140 0.232890
vt 0.345593 0.219722
vt 0.229102 0.312776
vt 0.291494 0.252823
vt 0.168293 0.340856
vt 0.178821 0.352894
vt 0.403458 0.237494
vt 0.409460 0.248532
vt 0.172310 0.323968
vt 0.379734 0.226164
vt 0.257629 0.376475
vt 0.243311 0.364666
vt 0.332219 0.324863
vt 0.320776 0.308299
vt 0.245873 0.383600
vt 0.354083 0.327680
vt 0.214826 0.393230
vt 0.223180 0.381733
vt 0.406254 0.291454
vt 0.390890 0.315861
vt 0.203288 0.397240
vt 0.420150 0.273753
vt 0.341706 0.242515
vt 0.332069 0.255214
vt 0.322650 0.260181
vt 0.381261 0.270108
vt 0.374257 0.263861
vt 0.357694 0.249681
vt 0.321621 0.281671
vt 0.323171 0.283351
vt 0.340819 0.291401
vt 0.361132 0.302197
vt 0.370129 0.290592
vt 0.377098 0.284622
vt 0.780209 0.211541
vt 0.703997 0.344409
vt 0.670753 0.313086
vt 0.754496 0.199707
vt 0.780288 0.383813
vt 0.873391 0.216626
vt 0.906685 0.210515
vt 0.812513 0.410961
vt 0.822773 0.418602
vt 0.839853 0.468896
vt 0.860655 0.217715
vt 0.770691 0.376792
vt 0.714077 0.349012
vt 0.791331 0.215400
vt 0.856598 0.085393
vt 0.873215 0.073139
vt 0.674782 0.356899
vt 0.648133 0.341392
vt 0.670754 0.313087
vt 0.703996 0.344408
vt 0.795709 0.033025
vt 0.779731 0.014838
vt 0.848962 0.081864
vt 0.800709 0.040627
vt 0.762393 0.412667
vt 0.742945 0.404316
vt 0.803028 0.033791
vt 0.800850 0.009246
vt 0.874523 0.063340
vt 0.854982 0.076019
vt 0.732712 0.404717
vt 0.690902 0.395147
vt 0.739547 0.408877
vt 0.749128 0.411803
vt 0.769848 0.413174
vt 0.670379 0.358788
vt 0.665633 0.367383
vt 0.900873 0.501985
vt 0.645382 0.343941
vt 0.634713 0.337302
vt 0.676748 0.585069
vt 0.582483 0.245604
vt 0.841465 0.475694
vt 0.707646 0.446975
vt 0.769539 0.448061
vt 0.805559 0.439226
vt 0.774476 0.634573
vt 0.724474 0.616261
vt 0.809195 0.437621
vt 0.840290 0.473468
vt 0.584591 0.247085
vt 0.781167 0.637295
vt 0.717347 0.613685
vt 0.679511 0.585459
vt 0.710706 0.447150
vt 0.766064 0.448287
vt 0.709657 0.662552
vt 0.710199 0.653548
vt 0.689979 0.406259
vt 0.888427 0.502585
vt 0.661662 0.072554
vt 0.678152 0.081013
vt 0.765889 0.415158
vt 0.746395 0.417441
vt 0.662091 0.071647
vt 0.710041 0.655941
vt 0.706727 0.662527
vt 0.678576 0.080258
vt 0.743483 0.415729
vt 0.692758 0.405301
vt 0.745607 0.415400
vt 0.762482 0.414063
vt 0.691189 0.020843
vt 0.768566 0.415764
vt 0.706855 0.663670
vt 0.890897 0.502410
vt 0.688965 0.404135
vt 0.299406 0.108987
vt 0.889616 0.499884
vt 0.680585 0.081942
vt 0.781168 0.637296
vt 0.826686 0.623113
vt 0.832200 0.631960
vt 0.783391 0.648201
vt 0.345594 0.219721
vt 0.316141 0.232890
vt 0.291493 0.252822
vt 0.409461 0.248533
vt 0.403458 0.237493
vt 0.379735 0.226164
vt 0.320775 0.308298
vt 0.332219 0.324863
vt 0.354081 0.327681
vt 0.390890 0.315861
vt 0.406251 0.291459
vt 0.420151 0.273752
vt 0.332070 0.255214
vt 0.341706 0.242516
vt 0.322650 0.260183
vt 0.374257 0.263861
vt 0.381261 0.270108
vt 0.357693 0.249682
vt 0.323171 0.283350
vt 0.321623 0.281673
vt 0.340821 0.291401
vt 0.370129 0.290592
vt 0.361132 0.302196
vt 0.377097 0.284621
vt 0.035306 0.120435
vt 0.038317 0.115757
vt 0.047430 0.119802
vt 0.046213 0.122719
vt 0.019971 0.106095
vt 0.018379 0.106877
vt 0.024997 0.103455
vt 0.008550 0.057482
vt 0.013180 0.059514
vt 0.026574 0.102783
vt 0.033901 0.126243
vt 0.046653 0.125978
vt 0.013122 0.109821
vt 0.102898 0.002082
vt 0.001898 0.055626
vt 0.006941 0.056899
vt 0.040440 0.133459
vt 0.049081 0.129108
vt 0.102367 0.008174
vt 0.102321 0.010157
vt 0.052104 0.005278
vt 0.048958 0.000016
vt 0.047480 0.138444
vt 0.052965 0.131510
vt 0.102253 0.016409
vt 0.102284 0.018446
vt 0.056524 0.011417
vt 0.053060 0.006789
vt 0.055325 0.141093
vt 0.057769 0.132769
vt 0.102297 0.024893
vt 0.102286 0.026983
vt 0.060617 0.017378
vt 0.057472 0.012834
vt 0.063588 0.141283
vt 0.062992 0.132666
vt 0.102068 0.033607
vt 0.101925 0.035734
vt 0.063917 0.023431
vt 0.061422 0.018802
vt 0.071656 0.139034
vt 0.068115 0.131118
vt 0.101233 0.042468
vt 0.100896 0.044601
vt 0.066188 0.029577
vt 0.064509 0.024880
vt 0.078815 0.134422
vt 0.072637 0.128245
vt 0.099551 0.051329
vt 0.098978 0.053424
vt 0.067325 0.035697
vt 0.066534 0.031032
vt 0.084227 0.127731
vt 0.076177 0.124340
vt 0.096868 0.059991
vt 0.096038 0.061991
vt 0.067300 0.041619
vt 0.067410 0.037123
vt 0.087387 0.119467
vt 0.078320 0.119792
vt 0.093110 0.068192
vt 0.092021 0.070023
vt 0.066134 0.047157
vt 0.067124 0.042976
vt 0.088032 0.110069
vt 0.078804 0.115194
vt 0.088292 0.075590
vt 0.086965 0.077153
vt 0.063877 0.052129
vt 0.065703 0.048404
vt 0.086815 0.099536
vt 0.077470 0.111354
vt 0.082540 0.081719
vt 0.081030 0.082871
vt 0.060610 0.056375
vt 0.063204 0.053225
vt 0.078735 0.100327
vt 0.074162 0.109439
vt 0.076141 0.085898
vt 0.074423 0.086622
vt 0.056416 0.059787
vt 0.059711 0.057290
vt 0.071613 0.101278
vt 0.069829 0.108780
vt 0.069053 0.088716
vt 0.067286 0.089271
vt 0.051425 0.062354
vt 0.055313 0.060513
vt 0.064953 0.102398
vt 0.065203 0.108938
vt 0.061772 0.090969
vt 0.059999 0.091452
vt 0.045815 0.064060
vt 0.050148 0.062884
vt 0.058594 0.103853
vt 0.060639 0.109769
vt 0.054463 0.093026
vt 0.052706 0.093486
vt 0.039787 0.064911
vt 0.044413 0.064398
vt 0.052659 0.105887
vt 0.056308 0.111201
vt 0.047223 0.095102
vt 0.045503 0.095577
vt 0.033517 0.064904
vt 0.038300 0.065056
vt 0.047168 0.108549
vt 0.052507 0.113312
vt 0.040137 0.097355
vt 0.038466 0.097871
vt 0.027172 0.064054
vt 0.031984 0.064856
vt 0.042323 0.111815
vt 0.049458 0.116207
vt 0.033255 0.099888
vt 0.031639 0.100469
vt 0.020884 0.062407
vt 0.025624 0.063815
vt 0.014718 0.060090
vt 0.019344 0.061981
vt 0.020473 0.042502
vt 0.019270 0.035628
vt 0.026967 0.034434
vt 0.026313 0.037890
vt 0.021410 0.025393
vt 0.028779 0.030630
vt 0.031958 0.021388
vt 0.031991 0.028070
vt 0.039497 0.020862
vt 0.036062 0.027058
vt 0.045304 0.022574
vt 0.039818 0.027381
vt 0.049616 0.025623
vt 0.042951 0.028724
vt 0.052567 0.029403
vt 0.045336 0.030786
vt 0.054285 0.033493
vt 0.046929 0.033301
vt 0.054890 0.037600
vt 0.047732 0.036039
vt 0.054490 0.041509
vt 0.047779 0.038799
vt 0.053167 0.045050
vt 0.047123 0.041409
vt 0.051062 0.048172
vt 0.045708 0.043642
vt 0.048188 0.050696
vt 0.043743 0.045411
vt 0.044633 0.052449
vt 0.041363 0.046663
vt 0.040573 0.053412
vt 0.038598 0.047219
vt 0.036168 0.053474
vt 0.035586 0.046984
vt 0.031629 0.052529
vt 0.032476 0.045868
vt 0.027221 0.050479
vt 0.029434 0.043797
vt 0.023307 0.047209
vt 0.026669 0.040731
vt 0.452027 0.015934
vt 0.455513 0.014655
vt 0.457021 0.017748
vt 0.454318 0.019156
vt 0.442022 0.024106
vt 0.441299 0.023803
vt 0.446317 0.026155
vt 0.436242 0.066400
vt 0.432535 0.068562
vt 0.447033 0.026417
vt 0.517712 0.099676
vt 0.455597 0.010920
vt 0.436886 0.021911
vt 0.436085 0.021642
vt 0.431869 0.068970
vt 0.427812 0.070412
vt 0.516762 0.094418
vt 0.458167 0.007303
vt 0.506988 0.097439
vt 0.506948 0.096564
vt 0.426989 0.070510
vt 0.463048 0.101616
vt 0.516237 0.088556
vt 0.462190 0.004481
vt 0.506733 0.091335
vt 0.506717 0.090431
vt 0.463419 0.100958
vt 0.466238 0.097216
vt 0.515761 0.082175
vt 0.467137 0.002918
vt 0.506519 0.085015
vt 0.506479 0.084083
vt 0.466631 0.096611
vt 0.469306 0.092974
vt 0.515008 0.075343
vt 0.472493 0.002849
vt 0.506063 0.078494
vt 0.505961 0.077541
vt 0.469647 0.092370
vt 0.471816 0.088655
vt 0.513720 0.068153
vt 0.477726 0.004324
vt 0.505144 0.071834
vt 0.504953 0.070874
vt 0.472070 0.088040
vt 0.473610 0.084314
vt 0.511672 0.060716
vt 0.482322 0.007211
vt 0.503593 0.065142
vt 0.503296 0.064194
vt 0.473756 0.083696
vt 0.474539 0.079965
vt 0.508645 0.053151
vt 0.485847 0.011211
vt 0.501302 0.058565
vt 0.500890 0.057656
vt 0.474571 0.079362
vt 0.474495 0.075768
vt 0.504372 0.045590
vt 0.487997 0.015884
vt 0.498234 0.052298
vt 0.497706 0.051462
vt 0.474410 0.075199
vt 0.473583 0.071900
vt 0.498471 0.038196
vt 0.488547 0.020720
vt 0.494413 0.046583
vt 0.493780 0.045868
vt 0.473388 0.071384
vt 0.471872 0.068502
vt 0.491068 0.030096
vt 0.487468 0.025023
vt 0.489717 0.042141
vt 0.488993 0.041640
vt 0.471575 0.068057
vt 0.469437 0.065671
vt 0.485333 0.029660
vt 0.483883 0.026816
vt 0.484432 0.039222
vt 0.483652 0.038889
vt 0.469049 0.065304
vt 0.466363 0.063438
vt 0.479959 0.029556
vt 0.479482 0.027377
vt 0.479003 0.037137
vt 0.478197 0.036900
vt 0.465892 0.063155
vt 0.462766 0.061827
vt 0.474855 0.028969
vt 0.475008 0.027065
vt 0.473436 0.035491
vt 0.472629 0.035286
vt 0.462229 0.061624
vt 0.458763 0.060865
vt 0.470029 0.027726
vt 0.470695 0.025999
vt 0.467888 0.033901
vt 0.467096 0.033698
vt 0.458175 0.060746
vt 0.454483 0.060582
vt 0.465558 0.025890
vt 0.466748 0.024202
vt 0.462462 0.032201
vt 0.461693 0.031993
vt 0.453861 0.060549
vt 0.450044 0.060944
vt 0.461583 0.023619
vt 0.463312 0.021645
vt 0.457201 0.030375
vt 0.456454 0.030166
vt 0.449404 0.061005
vt 0.445563 0.062022
vt 0.457650 0.021702
vt 0.459700 0.020091
vt 0.452071 0.028494
vt 0.451340 0.028267
vt 0.444916 0.062178
vt 0.441194 0.063795
vt 0.440547 0.064042
vt 0.436890 0.066062
vt 0.441475 0.076006
vt 0.443311 0.078067
vt 0.442334 0.082750
vt 0.440324 0.080842
vt 0.446098 0.086457
vt 0.443533 0.088642
vt 0.450526 0.088548
vt 0.451120 0.091400
vt 0.454759 0.089113
vt 0.456411 0.091397
vt 0.458390 0.088489
vt 0.460440 0.090063
vt 0.461234 0.087013
vt 0.463586 0.087898
vt 0.463264 0.084923
vt 0.465687 0.084994
vt 0.464513 0.082480
vt 0.466826 0.081943
vt 0.465053 0.079878
vt 0.467275 0.078926
vt 0.464875 0.077277
vt 0.466884 0.076027
vt 0.463999 0.074853
vt 0.465791 0.073363
vt 0.462518 0.072724
vt 0.464068 0.071077
vt 0.460524 0.071010
vt 0.461811 0.069245
vt 0.458123 0.069818
vt 0.459122 0.067928
vt 0.455463 0.069214
vt 0.456082 0.067241
vt 0.452668 0.069309
vt 0.452814 0.067210
vt 0.449900 0.070185
vt 0.449562 0.068092
vt 0.447314 0.071886
vt 0.446540 0.069815
vt 0.445044 0.074484
vt 0.443695 0.072388
vt 0.341314 0.038027
vt 0.331771 0.049309
vt 0.319280 0.053103
vt 0.338715 0.030835
vt 0.373915 0.053698
vt 0.349026 0.018542
vt 0.373121 0.041928
vt 0.361795 0.018839
vt 0.684569 0.673734
vt 0.633541 0.050090
vt 0.112344 0.063665
vt 0.693082 0.635618
vt 0.693997 0.635279
vt 0.906150 0.204443
vt 0.123096 0.012987
vt 0.783392 0.648202
vt 1.000000 0.422956
vt 0.912306 0.223432
vt 0.776885 0.638945
vt 0.783391 0.648202
vt 0.745991 0.195461
vt 0.744206 0.194784
vt 0.974554 0.476559
vt 0.651055 0.602781
vt 0.127408 0.064755
vt 0.832201 0.631960
vt 0.832201 0.631960
vt 0.591693 0.253030
vt 0.875210 0.055410
vt 0.671889 0.000017
vt 0.318977 0.000016
vt 0.881732 0.078381
vt 0.882277 0.059248
vt 0.718970 0.028286
vt 0.705282 0.666253
vt 0.811459 0.000232
vt 0.787997 0.000007
vt 0.319360 0.065195
vt 0.767620 0.011741
vt 0.303759 0.078020
vt 0.689851 0.086466
vt 0.689836 0.085860
vt 0.659456 0.071128
vt 0.709557 0.656000
vt 0.826686 0.623112
vt 0.565472 0.235841
vt 0.111556 0.093441
vt 0.335632 0.006369
vt 0.346629 0.000000
vt 0.000000 0.055470
vt 0.095974 0.089808
vt 0.103125 0.079950
vt 0.108567 0.069922
vt 0.112537 0.059820
vt 0.115255 0.049801
vt 0.116949 0.040044
vt 0.117936 0.030726
vt 0.118570 0.021993
vt 0.119276 0.013964
vt 0.011378 0.110682
vt 0.120573 0.006736
vt 0.460773 0.105962
vt 0.491417 0.021920
vt 0.490871 0.015558
vt 0.488335 0.009808
vt 0.484184 0.005075
vt 0.478814 0.001707
vt 0.472710 0.000018
vt 0.466435 0.000158
vt 0.460616 0.002112
vt 0.455706 0.005719
vt 0.507520 0.102522
vt 0.450807 0.011366
vt 0.898381 0.495584
vt 0.652158 0.405643
vt 0.637104 0.344686
vt 0.681702 0.394682
vt 0.677439 0.376408
vt 0.739615 0.410709
vt 0.737491 0.408061
vt 0.664780 0.303467
vt 0.658104 0.413882
vt 0.709609 0.027808
vt 0.707429 0.027136
vt 0.692858 0.022195
vt 0.657458 0.584364
vt 0.829608 0.623580
vt 0.567848 0.236845
vt 0.659246 0.416216
vt 0.673119 0.451972
vt 0.366889 0.284387
vt 0.200439 0.383156
vt 0.360783 0.291560
vt 0.342921 0.289511
vt 0.241238 0.369507
vt 0.241619 0.369499
vt 0.241360 0.369467
vt 0.367950 0.260946
vt 0.184864 0.332276
vt 0.371362 0.264412
vt 0.330736 0.281570
vt 0.332181 0.266961
vt 0.333680 0.259503
vt 0.340396 0.252511
vt 0.345595 0.145417
vt 0.040259 0.228995
vt 0.111857 0.344749
vt 0.426283 0.013047
vt 0.226774 0.500293
vt 0.639095 0.284499
vt 0.374718 0.401196
vt 0.481061 0.150676
vt 0.000000 0.464157
vt 0.026327 0.483845
vt 0.138056 0.395592
vt 0.167691 0.244464
vt 0.000000 0.000018
vt 0.000000 0.000018
vt 0.000000 0.000018
vt 0.000000 0.000018
vt 0.000000 0.000018
vt 0.000000 0.000018
vt 0.000000 0.000018
vt 0.000000 0.000018
vt 0.000000 0.000018
vt 0.000000 0.000018
vt 0.302039 0.446266
vt 0.505920 0.361996
vt 0.227318 0.469377
vt 0.201086 0.460505
vt 0.000000 0.000018
vt 0.000000 0.000018
vn -0.197993 -0.980204 -0.000000
vn -0.468281 -0.883580 0.000000
vn -0.468281 -0.883580 0.000000
vn -0.185830 -0.982559 -0.006698
vn -0.949229 -0.314587 -0.000000
vn -0.994900 -0.100872 -0.000000
vn -0.994570 -0.104058 -0.001367
vn -0.954397 -0.298513 -0.004024
vn 0.994899 -0.100872 -0.000000
vn 0.949229 -0.314587 0.000000
vn 0.954813 -0.297148 -0.006009
vn 0.994621 -0.103566 -0.002024
vn 0.468281 -0.883580 0.000000
vn 0.197993 -0.980204 -0.000000
vn 0.185830 -0.982559 -0.006698
vn 0.468281 -0.883580 0.000000
vn -0.994876 0.101106 0.000000
vn -0.949229 0.314586 0.000000
vn -0.957551 0.288222 -0.004951
vn -0.994053 0.108890 -0.001244
vn -0.535160 0.844743 0.003559
vn -0.150955 0.988533 -0.003820
vn -0.153105 0.988203 -0.003782
vn -0.535160 0.844743 0.003559
vn 0.149403 0.988768 -0.004000
vn 0.518656 0.854979 0.002685
vn 0.518656 0.854979 0.002685
vn 0.131652 0.991287 -0.004296
vn 0.949229 0.314586 -0.000000
vn 0.994899 0.100872 -0.000000
vn 0.994617 0.103603 -0.002062
vn 0.956294 0.292341 -0.006138
vn 0.000000 0.000000 0.000000
vn 0.000000 0.000000 0.000000
vn 0.000000 0.000000 0.000000
vn 0.000000 0.000000 0.000000
vn 0.000000 0.000000 0.000000
vn 0.000000 0.000000 0.000000
vn 0.000000 0.000000 0.000000
vn 0.000000 0.000000 0.000000
vn 0.000000 0.000000 0.000000
vn 0.000000 0.000000 0.000000
vn 0.000000 0.000000 0.000000
vn 0.000000 0.000000 0.000000
vn 0.000000 0.000000 0.000000
vn 0.000000 0.000000 0.000000
vn 0.000000 0.000000 0.000000
vn 0.000000 0.000000 0.000000
vn 0.000000 0.000000 0.000000
vn 0.000000 0.000000 0.000000
vn 0.000000 0.000000 0.000000
vn 0.000000 0.000000 0.000000
vn 0.000000 0.000000 0.000000
vn 0.000000 0.000000 0.000000
vn 0.000000 0.000000 0.000000
vn 0.000000 0.000000 0.000000
vn 0.000000 0.000000 0.000000
vn 0.000000 0.000000 0.000000
vn 0.000000 0.000000 0.000000
vn 0.000000 0.000000 0.000000
vn 0.000000 0.000000 0.000000
vn 0.000000 0.000000 0.000000
vn 0.000000 0.000000 0.000000
vn 0.000000 0.000000 0.000000
vn 0.163891 0.986478 -0.000554
vn 0.149479 0.988734 -0.007835
vn 0.468283 0.883579 -0.000000
vn 0.471433 0.881902 -0.000735
vn 0.949611 0.313432 0.000578
vn 0.952707 0.303721 -0.010118
vn 0.996604 0.082298 -0.002576
vn 0.997056 0.076676 0.000871
vn -0.997056 0.076675 0.000871
vn -0.997020 0.076991 -0.004919
vn -0.960878 0.276284 -0.019513
vn -0.949611 0.313431 0.000578
vn -0.471432 0.881902 -0.000735
vn -0.468282 0.883579 0.000000
vn -0.149479 0.988734 -0.007835
vn -0.163891 0.986478 -0.000554
vn 0.997056 -0.076676 0.000871
vn 0.996624 -0.082059 -0.002730
vn 0.953130 -0.302375 -0.010672
vn 0.949611 -0.313431 0.000578
vn 0.471429 -0.881904 -0.000735
vn 0.468279 -0.883581 0.000000
vn 0.162151 -0.986766 0.000000
vn 0.163889 -0.986479 -0.000554
vn -0.163889 -0.986479 -0.000554
vn -0.162150 -0.986766 0.000000
vn -0.468279 -0.883581 0.000000
vn -0.471429 -0.881904 -0.000735
vn -0.949611 -0.313431 0.000578
vn -0.949154 -0.314785 -0.004078
vn -0.996647 -0.081818 -0.001113
vn -0.997056 -0.076675 0.000871
vn 0.000000 0.000000 0.000000
vn 0.000000 0.000000 0.000000
vn 0.000000 0.000000 0.000000
vn 0.000000 0.000000 0.000000
vn 0.000000 0.000000 0.000000
vn 0.000000 0.000000 0.000000
vn 0.000000 0.000000 0.000000
vn 0.000000 0.000000 0.000000
vn 0.000000 0.000000 0.000000
vn 0.000000 0.000000 0.000000
vn 0.000000 0.000000 0.000000
vn 0.000000 0.000000 0.000000
vn 0.000000 0.000000 0.000000
vn 0.000000 0.000000 0.000000
vn 0.000000 0.000000 0.000000
vn 0.000000 0.000000 0.000000
vn 0.000000 0.000000 0.000000
vn 0.000000 0.000000 0.000000
vn 0.000000 0.000000 0.000000
vn 0.000000 0.000000 0.000000
vn 0.000000 0.000000 0.000000
vn 0.000000 0.000000 0.000000
vn 0.000000 0.000000 0.000000
vn 0.000000 0.000000 0.000000
vn 0.000000 0.000000 0.000000
vn 0.000000 0.000000 0.000000
vn 0.000000 0.000000 0.000000
vn 0.000000 0.000000 0.000000
vn 0.000000 0.000000 0.000000
vn 0.000000 0.000000 0.000000
vn 0.000000 0.000000 0.000000
vn 0.000000 0.000000 0.000000
vn -0.011338 0.007166 -0.999910
vn -0.011338 0.007166 -0.999910
vn -0.011338 0.007166 -0.999910
vn -0.011338 0.007166 -0.999910
vn 0.068517 0.126094 -0.989649
vn 0.068516 0.126094 -0.989649
vn 0.068517 0.126094 -0.989649
vn 0.068517 0.126094 -0.989649
vn 0.224565 0.203940 -0.952879
vn 0.224565 0.203940 -0.952879
vn 0.224565 0.203940 -0.952879
vn 0.011339 0.007166 -0.999910
vn 0.011339 0.007166 -0.999910
vn 0.011339 0.007166 -0.999910
vn 0.011339 0.007166 -0.999910
vn 0.190359 -0.171842 -0.966558
vn 0.190359 -0.171842 -0.966558
vn 0.190359 -0.171842 -0.966558
vn 0.190359 -0.171842 -0.966558
vn 0.014232 -0.287908 -0.957552
vn 0.085520 -0.202474 -0.975546
vn 0.085520 -0.202474 -0.975546
vn 0.043858 -0.252874 -0.966505
vn 0.055186 -0.230314 -0.971551
vn 0.009712 -0.291630 -0.956482
vn 0.027393 -0.268009 -0.963027
vn 0.055186 -0.230314 -0.971550
vn 0.161525 -0.184794 -0.969413
vn 0.161525 -0.184794 -0.969413
vn 0.161525 -0.184794 -0.969413
vn -0.000001 0.000000 -1.000000
vn -0.000001 0.000000 -1.000000
vn -0.000001 0.000000 -1.000000
vn -0.000001 0.000000 -1.000000
vn 0.000001 0.000000 -1.000000
vn 0.000001 0.000000 -1.000000
vn 0.000001 0.000000 -1.000000
vn 0.000001 0.000000 -1.000000
vn 0.000000 0.000000 0.000000
vn 0.000000 0.000000 0.000000
vn 0.000000 0.000000 0.000000
vn 0.000000 0.000000 0.000000
vn 0.000000 0.000000 0.000000
vn 0.000000 0.000000 0.000000
vn 0.000000 0.000000 0.000000
vn 0.000000 0.000000 0.000000
vn 0.000000 0.000000 0.000000
vn 0.000000 0.000000 0.000000
vn 0.000000 0.000000 0.000000
vn 0.000000 0.000000 0.000000
vn 0.000000 0.000000 0.000000
vn 0.000000 0.000000 0.000000
vn 0.000000 0.000000 0.000000
vn 0.000000 0.000000 0.000000
vn 0.000000 0.000000 0.000000
vn 0.000000 0.000000 0.000000
vn 0.000000 0.000000 0.000000
vn 0.000000 0.000000 0.000000
vn 0.000000 0.000000 0.000000
vn 0.000000 0.000000 0.000000
vn 0.000000 0.000000 0.000000
vn 0.000000 0.000000 0.000000
vn 0.000000 0.000000 0.000000
vn 0.000000 0.000000 0.000000
vn 0.000000 0.000000 0.000000
vn 0.000000 0.000000 0.000000
vn 0.000000 0.000000 0.000000
vn 0.000000 0.000000 0.000000
vn 0.000000 0.000000 0.000000
vn 0.000000 0.000000 0.000000
vn 0.000000 0.000000 0.000000
vn 0.000000 0.000000 0.000000
vn 0.000000 0.000000 0.000000
vn 0.000000 0.000000 0.000000
vn 0.000000 0.000000 0.000000
vn 0.000000 0.000000 0.000000
vn 0.000000 0.000000 0.000000
vn 0.000000 0.000000 0.000000
vn 0.000000 0.000000 0.000000
vn 0.000000 0.000000 0.000000
vn 0.000000 0.000000 0.000000
vn 0.000000 0.000000 0.000000
vn 0.000000 0.000000 0.000000
vn 0.000000 0.000000 0.000000
vn 0.000000 0.000000 0.000000
vn 0.000000 0.000000 0.000000
vn 0.000000 0.000000 0.000000
vn 0.000000 0.000000 0.000000
vn 0.000000 0.000000 0.000000
vn 0.000000 0.000000 0.000000
vn 0.000000 0.000000 0.000000
vn 0.000000 0.000000 0.000000
vn 0.000000 0.000000 0.000000
vn 0.000000 0.000000 0.000000
vn 0.000000 0.000000 0.000000
vn 0.000000 0.000000 0.000000
vn 0.000000 0.000000 0.000000
vn 0.000000 0.000000 0.000000
vn 0.000000 0.000000 0.000000
vn 0.000000 0.000000 0.000000
vn 0.000000 0.000000 0.000000
vn 0.000000 0.000000 0.000000
vn 0.970084 0.230309 -0.076775
vn 0.970084 0.230309 -0.076775
vn 0.681495 -0.726435 -0.088634
vn 0.681495 -0.726435 -0.088634
vn 0.681495 -0.726435 -0.088634
vn 0.681495 -0.726435 -0.088634
vn -0.983402 -0.178344 -0.033383
vn -0.983402 -0.178344 -0.033383
vn -0.224079 0.974482 0.013165
vn -0.224079 0.974482 0.013165
vn -0.224079 0.974482 0.013165
vn -0.224079 0.974482 0.013165
vn -0.990305 0.073474 -0.117888
vn -0.990305 0.073474 -0.117888
vn 0.253250 0.967348 0.010163
vn 0.253250 0.967348 0.010163
vn 0.253250 0.967348 0.010163
vn 0.253250 0.967348 0.010163
vn 0.984750 -0.166719 -0.049728
vn 0.984750 -0.166719 -0.049728
vn -0.643933 -0.761819 -0.070587
vn -0.643933 -0.761819 -0.070587
vn -0.643933 -0.761819 -0.070587
vn 0.972015 -0.220865 -0.080034
vn 0.972015 -0.220865 -0.080034
vn -0.233617 -0.972186 0.016646
vn -0.233617 -0.972186 0.016646
vn -0.233617 -0.972186 0.016646
vn -0.233617 -0.972186 0.016646
vn -0.988607 0.147370 -0.030645
vn -0.988607 0.147370 -0.030645
vn 0.780269 0.621334 -0.071592
vn 0.780269 0.621334 -0.071592
vn 0.780269 0.621334 -0.071592
vn 0.780269 0.621334 -0.071592
vn -0.946713 -0.316921 -0.057404
vn -0.913630 0.393294 -0.102954
vn -0.913630 0.393294 -0.102954
vn -0.913630 0.393294 -0.102954
vn -0.913630 0.393294 -0.102954
vn 0.986704 0.156880 -0.042473
vn 0.986704 0.156880 -0.042473
vn 0.262736 -0.964276 0.033800
vn 0.262736 -0.964276 0.033800
vn 0.262736 -0.964276 0.033800
vn 0.262736 -0.964276 0.033800
vn 0.000000 0.995129 -0.098582
vn 0.000000 0.995129 -0.098582
vn 0.968048 0.240668 -0.070443
vn 0.968048 0.240668 -0.070443
vn 0.968048 0.240668 -0.070443
vn 0.000000 -0.994318 -0.106446
vn 0.000000 -0.994318 -0.106446
vn -0.968048 0.240669 -0.070443
vn -0.968048 0.240669 -0.070443
vn -0.968048 0.240669 -0.070443
vn 0.147758 0.766042 0.625578
vn 0.146646 0.766288 0.625538
vn -0.146791 0.766497 0.625248
vn -0.147952 0.766242 0.625287
vn 0.587741 0.495889 0.639261
vn 0.583556 0.500937 0.639160
vn 0.779864 0.067150 0.622337
vn 0.779656 0.068842 0.622413
vn -0.684713 -0.190990 0.703343
vn -0.684713 -0.190990 0.703343
vn -0.705073 -0.059861 0.706604
vn -0.705059 -0.059994 0.706607
vn -0.357937 -0.607222 0.709340
vn -0.357937 -0.607222 0.709340
vn -0.150269 -0.676524 0.720926
vn -0.150264 -0.676525 0.720926
vn 0.150182 -0.676554 0.720916
vn 0.150178 -0.676555 0.720916
vn 0.780024 -0.067256 0.622124
vn 0.779823 -0.068926 0.622194
vn -0.705084 0.059803 0.706598
vn -0.705069 0.059936 0.706601
vn -0.780026 0.067256 0.622123
vn -0.779824 0.068928 0.622192
vn -0.779656 -0.068840 0.622413
vn -0.779864 -0.067149 0.622337
vn -0.588400 0.496349 0.638297
vn -0.584215 0.501397 0.638196
vn 0.357843 -0.607282 0.709336
vn 0.357843 -0.607282 0.709336
vn 0.684749 -0.190875 0.703338
vn 0.684749 -0.190875 0.703338
vn 0.705070 -0.059937 0.706600
vn 0.705084 -0.059804 0.706598
vn 0.705059 0.059994 0.706606
vn 0.705073 0.059860 0.706603
vn 0.588392 -0.496348 0.638305
vn 0.584206 -0.501397 0.638204
vn 0.147948 -0.766240 0.625290
vn 0.146788 -0.766495 0.625252
vn -0.357845 0.607286 0.709331
vn -0.357845 0.607286 0.709331
vn -0.150179 0.676562 0.720909
vn -0.150183 0.676561 0.720909
vn -0.684751 0.190875 0.703337
vn -0.684751 0.190875 0.703337
vn -0.147757 -0.766042 0.625578
vn -0.146645 -0.766287 0.625539
vn 0.150268 0.676533 0.720918
vn 0.150273 0.676531 0.720919
vn -0.587740 -0.495887 0.639263
vn -0.583553 -0.500937 0.639162
vn 0.684712 0.190991 0.703344
vn 0.684712 0.190991 0.703344
vn 0.357944 0.607225 0.709333
vn 0.357944 0.607225 0.709333
vn -0.006100 0.004132 0.999973
vn -0.018765 0.028456 0.999419
vn -0.018449 0.026879 0.999469
vn -0.005669 0.003856 0.999977
vn -0.006125 0.013146 0.999895
vn -0.006347 0.013604 0.999887
vn 0.006143 0.013164 0.999895
vn 0.018775 0.028458 0.999419
vn 0.018458 0.026886 0.999468
vn 0.006362 0.013617 0.999887
vn 0.006105 0.004140 0.999973
vn 0.005672 0.003863 0.999976
vn -0.006142 -0.013164 0.999895
vn -0.018779 -0.028457 0.999419
vn -0.018462 -0.026885 0.999468
vn -0.006361 -0.013617 0.999887
vn -0.006106 -0.004141 0.999973
vn -0.005673 -0.003863 0.999977
vn 0.006102 -0.004135 0.999973
vn 0.018768 -0.028456 0.999419
vn 0.018451 -0.026879 0.999468
vn 0.005671 -0.003859 0.999977
vn 0.006128 -0.013145 0.999895
vn 0.006349 -0.013603 0.999887
vn 0.494279 0.869282 -0.006111
vn 0.175618 0.984448 -0.004609
vn -0.483165 -0.875507 0.006301
vn -0.206827 -0.978365 0.004875
vn -0.207112 -0.978305 0.004876
vn -0.483165 -0.875507 0.006301
vn 0.997219 0.074127 0.007712
vn 0.952321 0.305059 0.004765
vn -0.995065 -0.098947 -0.007407
vn -0.951125 -0.308771 -0.004679
vn -0.951125 -0.308771 -0.004679
vn -0.995110 -0.098492 -0.007412
vn -0.952322 0.305058 0.004765
vn -0.997219 0.074127 0.007711
vn 0.951125 -0.308771 -0.004678
vn 0.995065 -0.098949 -0.007406
vn 0.995109 -0.098501 -0.007412
vn 0.951125 -0.308771 -0.004678
vn -0.175618 0.984448 -0.004609
vn -0.494279 0.869282 -0.006111
vn 0.206831 -0.978365 0.004875
vn 0.483166 -0.875506 0.006301
vn 0.483166 -0.875506 0.006301
vn 0.207128 -0.978302 0.004877
vn 0.952322 -0.305059 0.004766
vn 0.997219 -0.074126 0.007712
vn -0.951125 0.308769 -0.004679
vn -0.995065 0.098949 -0.007407
vn -0.995109 0.098501 -0.007412
vn -0.951126 0.308769 -0.004679
vn 0.175616 -0.984448 -0.004609
vn 0.494276 -0.869284 -0.006111
vn -0.206830 0.978365 0.004876
vn -0.483165 0.875507 0.006301
vn -0.483165 0.875507 0.006301
vn -0.207127 0.978302 0.004878
vn -0.494275 -0.869284 -0.006111
vn -0.175616 -0.984448 -0.004609
vn 0.483165 0.875507 0.006300
vn 0.206827 0.978365 0.004876
vn 0.207112 0.978305 0.004877
vn 0.483165 0.875507 0.006300
vn -0.997219 -0.074126 0.007712
vn -0.952322 -0.305059 0.004766
vn 0.995065 0.098947 -0.007406
vn 0.951125 0.308770 -0.004678
vn 0.951125 0.308770 -0.004678
vn 0.995110 0.098491 -0.007412
vn 0.000000 0.000000 -1.000000
vn 0.000000 0.000000 -1.000000
vn 0.000000 0.000000 -1.000000
vn 0.000000 0.000000 -1.000000
vn 0.020000 -0.009990 -0.999750
vn 0.020000 -0.009990 -0.999750
vn 0.020000 -0.009990 -0.999750
vn 0.020000 -0.009990 -0.999750
vn 0.046584 -0.045161 -0.997893
vn 0.046584 -0.045161 -0.997893
vn 0.046584 -0.045161 -0.997893
vn 0.046584 -0.045161 -0.997893
vn 0.000001 0.000000 -1.000000
vn 0.000001 0.000000 -1.000000
vn 0.000001 0.000000 -1.000000
vn 0.000001 0.000000 -1.000000
vn 0.000001 0.000000 -1.000000
vn 0.000001 0.000000 -1.000000
vn 0.000001 0.000000 -1.000000
vn 0.000001 0.000000 -1.000000
vn -0.046584 -0.045162 -0.997893
vn -0.046584 -0.045162 -0.997893
vn -0.046584 -0.045162 -0.997893
vn -0.046584 -0.045162 -0.997893
vn -0.020002 -0.009990 -0.999750
vn -0.020002 -0.009990 -0.999750
vn -0.020002 -0.009990 -0.999750
vn -0.020002 -0.009990 -0.999750
vn 0.046584 0.045162 -0.997893
vn 0.046584 0.045162 -0.997893
vn 0.046584 0.045162 -0.997893
vn 0.046584 0.045162 -0.997893
vn 0.020001 0.009990 -0.999750
vn 0.020001 0.009990 -0.999750
vn 0.020001 0.009990 -0.999750
vn 0.020001 0.009990 -0.999750
vn 0.000000 0.000000 -1.000000
vn 0.000000 0.000000 -1.000000
vn 0.000000 0.000000 -1.000000
vn 0.000000 0.000000 -1.000000
vn -0.020000 0.009990 -0.999750
vn -0.020000 0.009990 -0.999750
vn -0.020000 0.009990 -0.999750
vn -0.020000 0.009990 -0.999750
vn -0.046584 0.045161 -0.997893
vn -0.046584 0.045161 -0.997893
vn -0.046584 0.045161 -0.997893
vn -0.046584 0.045161 -0.997893
vn -0.012159 0.006403 0.999906
vn -0.012159 0.006403 0.999906
vn -0.012159 0.006403 0.999906
vn -0.012159 0.006403 0.999906
vn -0.028843 0.033105 0.999036
vn -0.028843 0.033105 0.999036
vn -0.028843 0.033105 0.999036
vn -0.028843 0.033105 0.999036
vn 0.028841 0.033104 0.999036
vn 0.028841 0.033104 0.999036
vn 0.028841 0.033104 0.999036
vn 0.028841 0.033104 0.999036
vn 0.012161 0.006404 0.999906
vn 0.012161 0.006404 0.999906
vn 0.012161 0.006404 0.999906
vn 0.012161 0.006404 0.999906
vn -0.028844 -0.033104 0.999036
vn -0.028844 -0.033104 0.999036
vn -0.028844 -0.033104 0.999036
vn -0.028844 -0.033104 0.999036
vn -0.012161 -0.006404 0.999906
vn -0.012161 -0.006404 0.999906
vn -0.012161 -0.006404 0.999906
vn -0.012161 -0.006404 0.999906
vn 0.012161 -0.006404 0.999906
vn 0.012161 -0.006404 0.999906
vn 0.012161 -0.006404 0.999906
vn 0.012161 -0.006404 0.999906
vn 0.028841 -0.033104 0.999036
vn 0.028841 -0.033104 0.999036
vn 0.028841 -0.033104 0.999036
vn 0.028841 -0.033104 0.999036
vn 0.000000 0.000000 1.000000
vn 0.000000 0.000000 1.000000
vn 0.000000 0.000000 1.000000
vn 0.000000 0.000000 1.000000
vn -0.000001 -0.000000 1.000000
vn -0.000001 -0.000000 1.000000
vn -0.000001 -0.000000 1.000000
vn -0.000001 -0.000000 1.000000
vn 0.000002 0.000000 1.000000
vn 0.000002 0.000000 1.000000
vn 0.000002 0.000000 1.000000
vn 0.000002 0.000000 1.000000
vn 0.000001 0.000000 1.000000
vn 0.000001 0.000000 1.000000
vn 0.000001 0.000000 1.000000
vn 0.000001 0.000000 1.000000
vn 0.000056 0.991767 -0.128059
vn 0.000143 0.957801 -0.287431
vn 0.000143 0.957801 -0.287431
vn 0.000056 0.991738 -0.128277
vn -0.000322 -0.977883 0.209153
vn -0.000323 -0.987859 0.155356
vn -0.000322 -0.987906 0.155055
vn -0.000322 -0.977966 0.208765
vn 0.999361 0.000122 -0.035735
vn 0.999361 0.000122 -0.035735
vn 0.999361 0.000122 -0.035735
vn 0.999361 0.000122 -0.035735
vn -0.999915 0.000173 -0.013073
vn -0.999634 -0.000260 -0.027037
vn -0.999693 -0.000223 -0.024791
vn -0.999878 0.000108 -0.015616
vn -0.000217 -0.999322 0.036822
vn -0.000217 -0.999322 0.036822
vn 0.000018 0.999993 0.003707
vn 0.000018 0.999993 0.003707
vn 0.000018 0.999993 0.003707
vn 0.000018 0.999993 0.003707
vn -0.000034 0.999308 0.037200
vn -0.000034 0.999308 0.037200
vn -0.999999 0.000481 -0.000985
vn -0.999999 0.000481 -0.000985
vn -0.000017 -0.999998 0.002141
vn -0.000017 -0.999998 0.002141
vn 0.066518 -0.024422 -0.997486
vn 0.066518 -0.024422 -0.997486
vn 0.066518 -0.024422 -0.997486
vn 0.066518 -0.024422 -0.997486
vn -1.000000 0.000199 0.000760
vn -1.000000 0.000199 0.000760
vn 0.000001 -0.722706 0.691156
vn 0.000001 -0.722706 0.691156
vn 0.000001 -0.722706 0.691156
vn 0.000001 -0.722706 0.691156
vn -0.567953 -0.823061 -0.000864
vn -0.567953 -0.823061 -0.000864
vn -0.633343 -0.759743 0.147195
vn -0.634063 -0.758775 0.149078
vn -0.708810 -0.698037 0.101648
vn -0.710740 -0.696571 0.098172
vn -0.748348 -0.662846 0.024699
vn -0.748348 -0.662846 0.024699
vn 0.565228 -0.824930 0.002797
vn 0.565228 -0.824930 0.002797
vn 0.630601 -0.761922 0.147708
vn 0.638418 -0.751129 0.168010
vn 0.649478 -0.734043 0.198391
vn 0.649478 -0.734043 0.198391
vn 0.760418 -0.648964 0.024691
vn 0.760418 -0.648964 0.024691
vn 0.760418 -0.648964 0.024691
vn 0.760418 -0.648964 0.024691
vn 0.049625 0.453927 0.889656
vn 0.049625 0.453927 0.889656
vn 0.049625 0.453927 0.889656
vn 0.049625 0.453927 0.889656
vn -0.694043 0.719208 0.032307
vn -0.694043 0.719208 0.032307
vn -0.733111 0.667030 -0.132737
vn -0.734423 0.663956 -0.140660
vn -0.710277 0.699234 -0.081102
vn -0.709851 0.699824 -0.079737
vn -0.671244 0.740724 0.027551
vn -0.671244 0.740724 0.027551
vn 0.747833 0.662709 0.039534
vn 0.747833 0.662709 0.039534
vn 0.751393 0.640442 -0.158878
vn 0.752869 0.645853 -0.126739
vn 0.746582 0.628689 -0.217638
vn 0.746582 0.628689 -0.217638
vn 0.642222 0.765989 0.028490
vn 0.642222 0.765989 0.028490
vn 0.642222 0.765989 0.028490
vn 0.642222 0.765989 0.028490
vn 0.000007 0.722359 -0.691518
vn 0.000007 0.722359 -0.691518
vn 0.000007 0.722359 -0.691518
vn 0.000007 0.722359 -0.691518
vn -0.709239 -0.000433 -0.704968
vn -0.709239 -0.000433 -0.704969
vn -0.709239 -0.000433 -0.704969
vn -0.709239 -0.000433 -0.704969
vn 0.659325 -0.008075 -0.751815
vn 0.659325 -0.008075 -0.751815
vn 0.659325 -0.008075 -0.751815
vn 0.659325 -0.008075 -0.751815
vn 0.019731 -0.677504 -0.735255
vn 0.019731 -0.677504 -0.735255
vn 0.019731 -0.677504 -0.735254
vn 0.019731 -0.677504 -0.735255
vn -0.573402 -0.572447 0.586102
vn -0.573402 -0.572447 0.586102
vn -0.573402 -0.572447 0.586102
vn 0.579316 -0.568464 0.584158
vn 0.579316 -0.568465 0.584158
vn 0.579316 -0.568465 0.584158
vn -0.581640 0.631171 0.513145
vn -0.581640 0.631171 0.513145
vn -0.581640 0.631171 0.513145
vn 0.633341 0.580113 0.512199
vn 0.633341 0.580113 0.512200
vn 0.633341 0.580113 0.512200
vn -0.546729 0.615864 -0.567273
vn -0.546730 0.615864 -0.567273
vn -0.546730 0.615864 -0.567273
vn 0.600522 0.589960 -0.539741
vn 0.600522 0.589960 -0.539741
vn 0.600522 0.589960 -0.539741
vn 0.689542 -0.606627 -0.395646
vn 0.689542 -0.606627 -0.395646
vn 0.689542 -0.606627 -0.395646
vn -0.609412 -0.552970 -0.568192
vn -0.609412 -0.552970 -0.568192
vn -0.609412 -0.552970 -0.568192
vn -0.000090 -0.991287 0.131716
vn -0.000090 -0.991249 0.132004
vn -0.000123 -0.978423 0.206614
vn -0.000123 -0.978422 0.206616
vn 0.000440 0.978174 -0.207788
vn 0.000439 0.978281 -0.207283
vn 0.000468 0.986591 -0.163211
vn 0.000468 0.986527 -0.163598
vn -0.999361 -0.000122 0.035735
vn -0.999361 -0.000122 0.035735
vn -0.999361 -0.000122 0.035735
vn -0.999361 -0.000122 0.035735
vn 0.999361 -0.000000 0.035738
vn 0.999361 -0.000000 0.035738
vn 0.999680 -0.000000 0.025311
vn 0.999611 -0.000000 0.027909
vn 0.000322 0.999277 -0.038028
vn 0.000322 0.999277 -0.038028
vn 0.000000 -1.000000 0.000001
vn 0.000000 -1.000000 0.000001
vn -0.000000 -0.999278 -0.037997
vn -0.000000 -0.999278 -0.037997
vn 0.999932 -0.010769 0.004590
vn 0.999932 -0.010769 0.004590
vn 0.999931 -0.010769 0.004590
vn 0.999932 -0.010769 0.004590
vn 0.000000 1.000000 0.000000
vn 0.000000 1.000000 0.000000
vn 0.000000 0.000000 1.000000
vn 0.000000 0.000000 1.000000
vn 0.000000 0.000000 1.000000
vn 0.000000 0.000000 1.000000
vn 1.000000 0.000000 0.000000
vn 1.000000 0.000000 0.000000
vn 0.000000 0.707102 -0.707112
vn 0.000000 0.707102 -0.707112
vn 0.000000 0.707102 -0.707112
vn 0.000000 0.707102 -0.707112
vn 0.542752 0.839891 -0.002017
vn 0.613344 0.774178 -0.156389
vn 0.610554 0.777751 -0.149427
vn 0.542752 0.839891 -0.002017
vn 0.731187 0.675656 -0.094095
vn 0.718726 0.686725 -0.108815
vn 0.785427 0.618507 -0.023540
vn 0.785427 0.618507 -0.023540
vn -0.546341 0.837561 -0.002094
vn -0.620780 0.769122 -0.151933
vn -0.620443 0.769546 -0.151162
vn -0.546341 0.837561 -0.002094
vn -0.723749 0.682369 -0.102763
vn -0.725862 0.680525 -0.100052
vn -0.780493 0.624720 -0.023596
vn -0.780493 0.624720 -0.023596
vn 0.000000 -0.707099 -0.707115
vn 0.000000 -0.707099 -0.707115
vn 0.000000 -0.707099 -0.707115
vn 0.000000 -0.707099 -0.707115
vn 0.826135 -0.563471 -0.001202
vn 0.766734 -0.619321 0.169002
vn 0.772396 -0.615728 0.155833
vn 0.826135 -0.563471 -0.001202
vn 0.686834 -0.722890 0.075435
vn 0.690118 -0.719008 0.082252
vn 0.630486 -0.775645 -0.029354
vn 0.630486 -0.775645 -0.029354
vn -0.826135 -0.563472 -0.001202
vn -0.773576 -0.614267 0.155743
vn -0.768042 -0.617735 0.168863
vn -0.826135 -0.563472 -0.001202
vn -0.688708 -0.720704 0.079168
vn -0.688539 -0.720903 0.078827
vn -0.628759 -0.777044 -0.029398
vn -0.628759 -0.777044 -0.029398
vn 0.000000 -0.720417 0.693541
vn 0.000000 -0.720417 0.693541
vn 0.000000 -0.720417 0.693541
vn 0.000000 -0.720417 0.693541
vn 0.707104 -0.000000 0.707110
vn 0.707104 -0.000000 0.707110
vn 0.707104 -0.000000 0.707110
vn 0.707104 -0.000000 0.707110
vn -0.707104 0.000000 0.707110
vn -0.707104 0.000000 0.707110
vn -0.707104 0.000000 0.707110
vn -0.707104 0.000000 0.707110
vn 0.000000 0.720405 0.693554
vn 0.000000 0.720405 0.693554
vn 0.000000 0.720405 0.693554
vn 0.000000 0.720405 0.693554
vn 0.568790 0.585760 -0.577376
vn 0.568790 0.585760 -0.577376
vn 0.568790 0.585760 -0.577376
vn -0.568790 0.585760 -0.577376
vn -0.568790 0.585760 -0.577376
vn -0.568790 0.585760 -0.577376
vn 0.584513 -0.570087 -0.577361
vn 0.584513 -0.570087 -0.577361
vn 0.584513 -0.570087 -0.577361
vn -0.584516 -0.570090 -0.577355
vn -0.584516 -0.570090 -0.577355
vn -0.584516 -0.570090 -0.577355
vn 0.576331 -0.589297 0.566190
vn 0.576331 -0.589297 0.566190
vn 0.576331 -0.589297 0.566190
vn -0.576338 -0.589305 0.566176
vn -0.576338 -0.589305 0.566176
vn -0.576338 -0.589305 0.566176
vn -0.578722 0.586928 0.566211
vn -0.578723 0.586929 0.566211
vn -0.578723 0.586929 0.566211
vn 0.578722 0.586929 0.566211
vn 0.578722 0.586929 0.566211
vn 0.578722 0.586929 0.566211
vn 0.376424 -0.023026 -0.926161
vn 0.376424 -0.023026 -0.926161
vn 0.376424 -0.023026 -0.926161
vn 0.376424 -0.023026 -0.926161
vn 0.232406 0.001992 0.972617
vn 0.232406 0.001992 0.972617
vn 0.232406 0.001992 0.972617
vn 0.232406 0.001992 0.972617
vn 0.293949 -0.017550 0.955660
vn 0.293949 -0.017550 0.955660
vn 0.293949 -0.017550 0.955660
vn 0.293949 -0.017550 0.955660
vn 0.000000 0.704811 0.709395
vn -0.057705 0.721372 0.690139
vn -0.059496 0.721841 0.689497
vn 0.000000 0.704811 0.709395
vn 0.636993 0.770489 0.024222
vn 0.637275 0.768440 0.058139
vn 0.637264 0.768212 0.061195
vn 0.636993 0.770489 0.024222
vn 0.290627 0.956091 -0.037755
vn 0.290627 0.956091 -0.037755
vn 0.290627 0.956091 -0.037755
vn 0.290627 0.956091 -0.037755
vn -0.002382 -0.840472 0.541850
vn 0.072651 -0.815047 0.574823
vn 0.070830 -0.815191 0.574845
vn 0.019465 -0.830053 0.557345
vn 0.458352 -0.885699 0.073830
vn 0.463987 -0.884903 0.040770
vn 0.463987 -0.884903 0.040770
vn 0.453507 -0.885621 0.100036
vn 0.332242 -0.942738 -0.029344
vn 0.332242 -0.942738 -0.029344
vn 0.332242 -0.942738 -0.029344
vn 0.332242 -0.942738 -0.029344
vn 0.250760 -0.013474 0.967955
vn 0.250760 -0.013474 0.967955
vn 0.250760 -0.013474 0.967955
vn 0.250760 -0.013474 0.967955
vn -0.351510 0.760231 0.546342
vn -0.351510 0.760231 0.546342
vn 0.582028 0.673437 0.455770
vn 0.582028 0.673437 0.455770
vn -0.154998 -0.893735 0.420967
vn -0.154998 -0.893735 0.420967
vn -0.000001 0.840567 -0.541708
vn -0.000001 0.840567 -0.541708
vn -0.000001 0.840567 -0.541708
vn -0.000001 0.840567 -0.541708
vn -0.301914 -0.953305 -0.007631
vn -0.000000 -0.000000 -0.000000
vn -0.000000 -0.000000 -0.000000
vn -0.301914 -0.953305 -0.007631
vn 0.000000 0.000000 0.000000
vn 0.000000 0.000000 0.000000
vn 0.000000 0.000000 0.000000
vn 0.000000 0.000000 0.000000
vn 0.000000 -0.000000 -0.000000
vn 0.266793 -0.963727 -0.007178
vn 0.266793 -0.963727 -0.007178
vn 0.000000 -0.000000 -0.000000
vn 0.000000 0.000000 0.000000
vn 0.000000 0.000000 0.000000
vn 0.000000 0.000000 0.000000
vn 0.000000 0.000000 0.000000
vn 0.000000 0.000000 0.000000
vn 0.000000 0.000000 0.000000
vn 0.000000 0.000000 0.000000
vn 0.000000 0.000000 0.000000
vn 0.000000 0.000000 0.000000
vn 0.000000 0.000000 0.000000
vn 0.000000 0.000000 0.000000
vn 0.000000 0.000000 0.000000
vn 0.000000 0.000000 0.000000
vn 0.000000 0.000000 0.000000
vn 0.000000 0.000000 0.000000
vn 0.000000 0.000000 0.000000
vn 0.000000 0.000000 0.000000
vn 0.000000 0.000000 0.000000
vn 0.000000 0.000000 0.000000
vn 0.000000 0.000000 0.000000
vn 0.000000 0.000000 0.000000
vn 0.000000 0.000000 0.000000
vn 0.000000 0.000000 0.000000
vn 0.000000 0.000000 0.000000
vn 0.000000 0.000000 0.000000
vn 0.000000 0.000000 0.000000
vn 0.000000 0.000000 0.000000
vn 0.000000 0.000000 0.000000
vn 0.000000 0.000000 0.000000
vn 0.000000 0.000000 0.000000
vn 0.000000 0.000000 0.000000
vn 0.000000 0.000000 0.000000
vn 0.000000 0.000000 0.000000
vn 0.000000 0.000000 0.000000
vn 0.000000 0.000000 0.000000
vn 0.000000 0.000000 0.000000
vn 0.000000 0.000000 0.000000
vn 0.000000 0.000000 0.000000
vn 0.000000 0.000000 0.000000
vn 0.000000 0.000000 0.000000
vn 0.000000 0.000000 0.000000
vn 0.000000 0.000000 0.000000
vn 0.000000 0.000000 0.000000
vn 0.000000 0.000000 0.000000
vn 0.000000 0.000000 0.000000
vn 0.000000 0.000000 0.000000
vn 0.000000 0.000000 0.000000
vn 0.000000 0.000000 0.000000
vn 0.000000 -0.000000 -0.000000
vn 0.000000 -0.012694 -0.999919
vn 0.000000 -0.012694 -0.999919
vn 0.000000 -0.000000 -0.000000
vn 0.608215 0.000000 0.793772
vn 0.608215 0.000000 0.793772
vn 0.608215 0.000000 0.793772
vn 0.608215 0.000000 0.793772
vn 0.930624 -0.342666 -0.128526
vn 0.930624 -0.342666 -0.128526
vn 0.930624 -0.342666 -0.128526
vn 0.930624 -0.342666 -0.128526
vn 0.603313 -0.797427 0.011160
vn 0.603313 -0.797427 0.011160
vn 0.603313 -0.797426 0.011160
vn 0.603313 -0.797427 0.011160
vn 0.000000 -0.067405 0.997726
vn 0.000000 -0.067405 0.997726
vn 0.000000 -0.067405 0.997726
vn 0.000000 -0.067405 0.997726
vn -0.410384 0.414849 -0.812087
vn -0.410384 0.414849 -0.812087
vn -0.410384 0.414849 -0.812087
vn -0.410384 0.414849 -0.812087
vn 0.000000 0.000000 0.000000
vn 0.000000 0.000000 0.000000
vn 0.000000 0.000000 0.000000
vn 0.000000 0.000000 0.000000
vn 0.215316 -0.011754 -0.976474
vn 0.215316 -0.011754 -0.976474
vn 0.215316 -0.011754 -0.976474
vn 0.215316 -0.011754 -0.976474
vn 0.000001 0.551360 -0.834268
vn 0.000001 0.551360 -0.834268
vn 0.000001 0.551360 -0.834268
vn 0.000001 0.551360 -0.834268
vn 0.000000 0.000003 1.000000
vn 0.000000 0.000000 0.000000
vn 0.000000 0.000000 0.000000
vn 0.000000 0.000003 1.000000
vn 0.000000 -0.000000 0.000000
vn 0.787265 -0.000001 0.616615
vn 0.787265 -0.000001 0.616615
vn 0.787265 -0.000001 0.616615
vn -0.693893 0.000000 0.720079
vn -0.693893 0.000000 0.720079
vn -0.693892 0.000000 0.720079
vn -0.693893 0.000000 0.720079
vn 0.000000 0.000000 0.000000
vn 0.000000 0.000000 0.000000
vn 0.000000 0.000000 0.000000
vn 0.000000 0.000000 0.000000
vn 0.000000 0.000000 0.000000
vn 0.000000 0.000000 0.000000
vn 0.000000 0.000000 0.000000
vn 0.000000 0.000000 0.000000
vn 0.000000 0.000000 0.000000
vn 0.000000 0.000000 0.000000
vn 0.000000 0.000000 0.000000
vn 0.000000 0.000000 0.000000
vn 0.000000 0.000000 0.000000
vn 0.000000 0.000000 0.000000
vn 0.000000 0.000000 0.000000
vn 0.000000 0.000000 0.000000
vn 0.000000 0.000000 0.000000
vn 0.000000 0.000000 0.000000
vn 0.000000 0.000000 0.000000
vn 0.000000 0.000000 0.000000
vn 0.000000 0.000000 0.000000
vn 0.000000 0.000000 0.000000
vn 0.000000 0.000000 0.000000
vn 0.000000 0.000000 0.000000
vn 0.000000 0.000000 0.000000
vn 0.000000 0.000000 0.000000
vn 0.000000 0.000000 0.000000
vn 0.000000 0.000000 0.000000
vn 0.000000 0.000000 0.000000
vn 0.000000 0.000000 0.000000
vn 0.000000 0.000000 0.000000
vn 0.000000 0.000000 0.000000
vn 0.000000 0.000000 0.000000
vn 0.000000 0.000000 0.000000
vn 0.000000 0.000000 0.000000
vn 0.000000 0.000000 0.000000
vn 0.000000 0.000000 0.000000
vn 0.000000 0.000000 0.000000
vn 0.000000 0.000000 0.000000
vn 0.000000 0.000000 0.000000
vn 0.000000 0.000000 0.000000
vn 0.000000 0.000000 0.000000
vn 0.000000 0.000000 0.000000
vn 0.000000 0.000000 0.000000
vn 0.000000 0.000000 0.000000
vn 0.000000 0.000000 0.000000
vn 0.000000 0.000000 0.000000
vn 0.000000 0.000000 0.000000
vn 0.000000 0.000000 0.000000
vn 0.000000 0.012694 0.999919
vn 0.000000 0.012694 0.999919
vn 0.000000 0.000000 0.000000
vn -0.608215 0.000000 -0.793772
vn -0.608215 0.000000 -0.793772
vn -0.608215 0.000000 -0.793772
vn -0.608215 0.000000 -0.793772
vn -0.930624 0.342666 0.128526
vn -0.930624 0.342666 0.128526
vn -0.930624 0.342666 0.128526
vn -0.930624 0.342666 0.128526
vn -0.603313 0.797427 -0.011160
vn -0.603313 0.797426 -0.011160
vn -0.603313 0.797427 -0.011160
vn -0.603313 0.797427 -0.011160
vn 0.000000 0.067405 -0.997726
vn 0.000000 0.067405 -0.997726
vn 0.000000 0.067405 -0.997726
vn 0.000000 0.067405 -0.997726
vn 0.410384 -0.414849 0.812087
vn 0.410384 -0.414849 0.812087
vn 0.410384 -0.414849 0.812087
vn 0.410384 -0.414849 0.812087
vn -0.000000 0.000000 0.000000
vn -0.000000 0.000000 0.000000
vn -0.000000 0.000000 0.000000
vn -0.000000 0.000000 0.000000
vn -0.215316 0.011754 0.976474
vn -0.215316 0.011754 0.976474
vn -0.215316 0.011754 0.976474
vn -0.215316 0.011754 0.976474
vn -0.000001 -0.551360 0.834268
vn -0.000001 -0.551360 0.834268
vn -0.000001 -0.551360 0.834268
vn -0.000001 -0.551360 0.834268
vn 0.000000 -0.000003 -1.000000
vn 0.000000 -0.000000 -0.000000
vn 0.000000 -0.000000 -0.000000
vn 0.000000 -0.000003 -1.000000
vn -0.787265 0.000001 -0.616615
vn -0.787265 0.000001 -0.616615
vn -0.787265 0.000001 -0.616615
vn -0.000000 0.000000 -0.000000
vn 0.693892 0.000000 -0.720080
vn 0.693892 0.000000 -0.720080
vn 0.693892 0.000000 -0.720080
vn 0.693892 0.000000 -0.720080
vn 0.093143 0.043315 -0.994710
vn 0.103230 0.012329 -0.994581
vn 0.009677 -0.002452 -0.999950
vn 0.008731 0.000452 -0.999962
vn 0.917606 0.315981 -0.241156
vn 0.864762 0.438373 -0.244980
vn 0.796992 0.553255 -0.242309
vn 0.962220 0.272270 -0.001083
vn 0.939116 0.343597 -0.001367
vn 0.939116 0.343597 -0.001367
vn 0.962220 0.272270 -0.001083
vn 0.958135 0.150345 -0.243668
vn 0.929137 0.280403 -0.240995
vn 0.970641 0.017729 -0.239877
vn 0.073938 0.069694 -0.994825
vn 0.006931 0.002924 -0.999972
vn 0.774992 0.583610 -0.242458
vn 0.686814 0.683856 -0.246227
vn 0.586720 0.772326 -0.243457
vn 0.831349 0.555746 -0.002210
vn 0.787269 0.616605 -0.002452
vn 0.787269 0.616605 -0.002452
vn 0.831349 0.555746 -0.002210
vn 0.047485 0.088880 -0.994910
vn 0.004451 0.004723 -0.999979
vn 0.556333 0.794459 -0.243576
vn 0.441305 0.862636 -0.247203
vn 0.318585 0.915883 -0.244259
vn 0.619001 0.785384 -0.003124
vn 0.558107 0.829762 -0.003301
vn 0.558107 0.829762 -0.003301
vn 0.619001 0.785384 -0.003124
vn 0.016368 0.098976 -0.994955
vn 0.001533 0.005669 -0.999983
vn 0.282760 0.927552 -0.244325
vn 0.152140 0.956805 -0.247745
vn 0.018859 0.969447 -0.244576
vn 0.345561 0.938389 -0.003734
vn 0.273766 0.961789 -0.003827
vn 0.273766 0.961789 -0.003827
vn 0.345561 0.938389 -0.003734
vn -0.016368 0.098976 -0.994955
vn -0.001536 0.005669 -0.999983
vn -0.018853 0.969447 -0.244575
vn -0.152135 0.956805 -0.247747
vn -0.282758 0.927552 -0.244327
vn 0.037789 0.999278 -0.003975
vn -0.037795 0.999278 -0.003975
vn -0.037795 0.999278 -0.003975
vn 0.037790 0.999278 -0.003975
vn -0.047488 0.088880 -0.994910
vn -0.004454 0.004723 -0.999979
vn -0.318585 0.915882 -0.244262
vn -0.441307 0.862635 -0.247202
vn -0.556339 0.794455 -0.243573
vn -0.273765 0.961789 -0.003825
vn -0.345558 0.938390 -0.003732
vn -0.345558 0.938390 -0.003732
vn -0.273765 0.961789 -0.003825
vn -0.073943 0.069695 -0.994824
vn -0.006934 0.002924 -0.999972
vn -0.586725 0.772323 -0.243454
vn -0.686816 0.683855 -0.246222
vn -0.774994 0.583610 -0.242454
vn -0.558111 0.829760 -0.003301
vn -0.619003 0.785383 -0.003125
vn -0.619003 0.785383 -0.003125
vn -0.558111 0.829760 -0.003301
vn -0.093146 0.043316 -0.994710
vn -0.008734 0.000452 -0.999962
vn -0.796991 0.553257 -0.242304
vn -0.864762 0.438374 -0.244979
vn -0.917604 0.315983 -0.241158
vn -0.787269 0.616605 -0.002453
vn -0.831348 0.555748 -0.002211
vn -0.831348 0.555748 -0.002211
vn -0.787269 0.616605 -0.002453
vn -0.103231 0.012331 -0.994581
vn -0.009679 -0.002452 -0.999950
vn -0.929137 0.280402 -0.240997
vn -0.958134 0.150346 -0.243670
vn -0.970641 0.017730 -0.239878
vn -0.939115 0.343600 -0.001367
vn -0.962220 0.272270 -0.001083
vn -0.962220 0.272270 -0.001083
vn -0.939115 0.343600 -0.001367
vn -0.103232 -0.020240 -0.994451
vn -0.009680 -0.005505 -0.999938
vn -0.970641 -0.019640 -0.239729
vn -0.958134 -0.152281 -0.242467
vn -0.929137 -0.282308 -0.238760
vn -0.999298 0.037457 -0.000149
vn -0.999298 -0.037458 0.000149
vn -0.999298 -0.037458 0.000149
vn -0.999298 0.037457 -0.000149
vn -0.093144 -0.051229 -0.994334
vn -0.008734 -0.008409 -0.999927
vn -0.917605 -0.317888 -0.238637
vn -0.864762 -0.440309 -0.241483
vn -0.796991 -0.555170 -0.237892
vn -0.962221 -0.272268 0.001083
vn -0.939115 -0.343599 0.001367
vn -0.939115 -0.343599 0.001367
vn -0.962221 -0.272268 0.001083
vn -0.073941 -0.077609 -0.994238
vn -0.006934 -0.010882 -0.999917
vn -0.774992 -0.585524 -0.237802
vn -0.686813 -0.685795 -0.240775
vn -0.586722 -0.774237 -0.237306
vn -0.831347 -0.555750 0.002211
vn -0.787269 -0.616606 0.002453
vn -0.787269 -0.616605 0.002453
vn -0.831347 -0.555749 0.002211
vn -0.047488 -0.096790 -0.994171
vn -0.004454 -0.012679 -0.999910
vn -0.556332 -0.796372 -0.237248
vn -0.441305 -0.864575 -0.240333
vn -0.318582 -0.917798 -0.236966
vn -0.619003 -0.785383 0.003124
vn -0.558109 -0.829761 0.003301
vn -0.558109 -0.829761 0.003301
vn -0.619003 -0.785383 0.003124
vn -0.016368 -0.106883 -0.994137
vn -0.001536 -0.013626 -0.999906
vn -0.282762 -0.929465 -0.236940
vn -0.152138 -0.958746 -0.240125
vn -0.018863 -0.971362 -0.236853
vn -0.345556 -0.938391 0.003731
vn -0.273765 -0.961789 0.003825
vn -0.273765 -0.961789 0.003825
vn -0.345556 -0.938391 0.003731
vn 0.016368 -0.106883 -0.994137
vn 0.001533 -0.013625 -0.999906
vn 0.018855 -0.971363 -0.236853
vn 0.152135 -0.958747 -0.240125
vn 0.282760 -0.929466 -0.236939
vn -0.037795 -0.999278 0.003976
vn 0.037792 -0.999278 0.003976
vn 0.037793 -0.999278 0.003976
vn -0.037795 -0.999278 0.003976
vn 0.047489 -0.096790 -0.994171
vn 0.004451 -0.012679 -0.999910
vn 0.318585 -0.917796 -0.236967
vn 0.441307 -0.864574 -0.240333
vn 0.556336 -0.796369 -0.237249
vn 0.273762 -0.961790 0.003827
vn 0.345558 -0.938390 0.003734
vn 0.345557 -0.938390 0.003734
vn 0.273762 -0.961790 0.003827
vn 0.073942 -0.077609 -0.994238
vn 0.006931 -0.010881 -0.999917
vn 0.586724 -0.774235 -0.237306
vn 0.686814 -0.685794 -0.240777
vn 0.774992 -0.585522 -0.237805
vn 0.558112 -0.829759 0.003301
vn 0.619004 -0.785382 0.003125
vn 0.619004 -0.785382 0.003125
vn 0.558112 -0.829759 0.003301
vn 0.093143 -0.051229 -0.994334
vn 0.008731 -0.008409 -0.999927
vn 0.796989 -0.555170 -0.237896
vn 0.864762 -0.440309 -0.241486
vn 0.917605 -0.317889 -0.238638
vn 0.787268 -0.616606 0.002453
vn 0.831347 -0.555750 0.002211
vn 0.831347 -0.555750 0.002211
vn 0.787268 -0.616606 0.002453
vn 0.103231 -0.020242 -0.994452
vn 0.009677 -0.005505 -0.999938
vn 0.929137 -0.282308 -0.238760
vn 0.958134 -0.152282 -0.242467
vn 0.970641 -0.019643 -0.239728
vn 0.939115 -0.343599 0.001367
vn 0.962220 -0.272270 0.001083
vn 0.962220 -0.272270 0.001083
vn 0.939115 -0.343599 0.001367
vn 0.999298 -0.037460 0.000149
vn 0.999298 0.037457 -0.000149
vn 0.999298 0.037457 -0.000149
vn 0.999298 -0.037460 0.000149
vn 0.103226 0.020245 0.994452
vn 0.093140 0.051229 0.994334
vn 0.008732 0.008409 0.999927
vn 0.009678 0.005505 0.999938
vn 0.929137 0.282310 0.238758
vn 0.958134 0.152279 0.242466
vn 0.970641 0.019637 0.239729
vn 0.864762 0.440309 0.241485
vn 0.917605 0.317889 0.238636
vn 0.796992 0.555166 0.237897
vn 0.073945 0.077607 0.994238
vn 0.006933 0.010881 0.999917
vn 0.686813 0.685794 0.240778
vn 0.774993 0.585521 0.237806
vn 0.586723 0.774237 0.237305
vn 0.047491 0.096794 0.994171
vn 0.004453 0.012679 0.999910
vn 0.441306 0.864574 0.240335
vn 0.556335 0.796370 0.237248
vn 0.318587 0.917795 0.236970
vn 0.016366 0.106889 0.994136
vn 0.001534 0.013625 0.999906
vn 0.152137 0.958746 0.240126
vn 0.282761 0.929465 0.236942
vn 0.018857 0.971363 0.236851
vn -0.016366 0.106889 0.994136
vn -0.001534 0.013625 0.999906
vn -0.152135 0.958747 0.240124
vn -0.018862 0.971363 0.236851
vn -0.282764 0.929465 0.236938
vn -0.047489 0.096794 0.994171
vn -0.004452 0.012679 0.999910
vn -0.441307 0.864574 0.240334
vn -0.318585 0.917796 0.236967
vn -0.556335 0.796369 0.237251
vn -0.073942 0.077607 0.994238
vn -0.006932 0.010881 0.999917
vn -0.686813 0.685794 0.240778
vn -0.586723 0.774236 0.237309
vn -0.774991 0.585524 0.237806
vn -0.093140 0.051228 0.994334
vn -0.008732 0.008408 0.999927
vn -0.864761 0.440311 0.241484
vn -0.796991 0.555168 0.237896
vn -0.917606 0.317889 0.238635
vn -0.103229 0.020242 0.994452
vn -0.009678 0.005504 0.999938
vn -0.958134 0.152281 0.242465
vn -0.929138 0.282309 0.238757
vn -0.970642 0.019639 0.239728
vn -0.103231 -0.012331 0.994581
vn -0.009678 0.002452 0.999950
vn -0.958134 -0.150347 0.243670
vn -0.970641 -0.017731 0.239878
vn -0.929136 -0.280403 0.240999
vn -0.093145 -0.043315 0.994710
vn -0.008732 -0.000452 0.999962
vn -0.864762 -0.438374 0.244981
vn -0.917604 -0.315983 0.241159
vn -0.796992 -0.553256 0.242306
vn -0.073943 -0.069695 0.994824
vn -0.006933 -0.002925 0.999972
vn -0.686814 -0.683856 0.246226
vn -0.774993 -0.583611 0.242457
vn -0.586720 -0.772325 0.243460
vn -0.047488 -0.088881 0.994910
vn -0.004452 -0.004723 0.999979
vn -0.441305 -0.862635 0.247206
vn -0.556335 -0.794456 0.243579
vn -0.318586 -0.915881 0.244263
vn -0.016366 -0.098974 0.994955
vn -0.001534 -0.005669 0.999983
vn -0.152138 -0.956805 0.247747
vn -0.282760 -0.927551 0.244328
vn -0.018861 -0.969447 0.244575
vn 0.016366 -0.098974 0.994955
vn 0.001534 -0.005669 0.999983
vn 0.152135 -0.956806 0.247745
vn 0.018855 -0.969447 0.244575
vn 0.282760 -0.927552 0.244325
vn 0.047488 -0.088880 0.994910
vn 0.004452 -0.004723 0.999979
vn 0.441306 -0.862635 0.247203
vn 0.318586 -0.915882 0.244260
vn 0.556337 -0.794456 0.243577
vn 0.073943 -0.069694 0.994824
vn 0.006933 -0.002925 0.999972
vn 0.686814 -0.683857 0.246224
vn 0.586722 -0.772325 0.243458
vn 0.774993 -0.583612 0.242454
vn 0.093144 -0.043317 0.994710
vn 0.008732 -0.000452 0.999962
vn 0.864762 -0.438374 0.244978
vn 0.796992 -0.553257 0.242303
vn 0.917605 -0.315981 0.241156
vn 0.103228 -0.012330 0.994581
vn 0.009678 0.002452 0.999950
vn 0.958134 -0.150347 0.243669
vn 0.929137 -0.280402 0.240996
vn 0.970641 -0.017734 0.239877
vn -0.000005 0.003979 0.999992
vn -0.000001 0.003979 0.999992
vn -0.000001 0.003979 0.999992
vn -0.000014 0.003979 0.999992
vn -0.911195 -0.305827 0.276033
vn -0.785205 -0.553725 0.277203
vn -0.856451 -0.433819 0.279811
vn -0.957997 -0.286777 0.001141
vn -0.957997 -0.286778 0.001141
vn -0.944215 -0.329327 0.001310
vn -0.944215 -0.329327 0.001310
vn -0.948850 -0.148674 0.278531
vn -0.961456 -0.010115 0.274774
vn -0.918109 -0.284490 0.275937
vn 0.000005 0.003979 0.999992
vn -0.000000 0.003979 0.999992
vn -0.772025 -0.571914 0.277293
vn -0.575294 -0.769142 0.278312
vn -0.680299 -0.676921 0.281017
vn -0.822836 -0.568274 0.002261
vn -0.822836 -0.568274 0.002261
vn -0.796558 -0.604558 0.002405
vn -0.796558 -0.604558 0.002405
vn 0.000003 0.003980 0.999992
vn -0.000000 0.003979 0.999992
vn -0.557107 -0.782391 0.278383
vn -0.308602 -0.909331 0.279074
vn -0.437174 -0.854035 0.281962
vn -0.606991 -0.794703 0.003162
vn -0.606991 -0.794703 0.003162
vn -0.570719 -0.821139 0.003267
vn -0.570719 -0.821139 0.003267
vn -0.000001 0.003977 0.999992
vn -0.000000 0.003979 0.999992
vn -0.287172 -0.916312 0.279113
vn -0.011275 -0.960120 0.279361
vn -0.150725 -0.947357 0.282482
vn -0.331197 -0.943554 0.003754
vn -0.331197 -0.943554 0.003754
vn -0.288449 -0.957488 0.003810
vn -0.288449 -0.957488 0.003810
vn 0.000002 0.003977 0.999992
vn -0.000000 0.003979 0.999992
vn 0.011275 -0.960120 0.279361
vn 0.287172 -0.916312 0.279112
vn 0.150725 -0.947357 0.282482
vn -0.022489 -0.999739 0.003978
vn -0.022490 -0.999739 0.003978
vn 0.022490 -0.999739 0.003978
vn 0.022489 -0.999739 0.003978
vn -0.000002 0.003980 0.999992
vn -0.000000 0.003979 0.999992
vn 0.308602 -0.909331 0.279073
vn 0.557107 -0.782392 0.278380
vn 0.437174 -0.854036 0.281960
vn 0.288449 -0.957488 0.003809
vn 0.288449 -0.957488 0.003809
vn 0.331197 -0.943554 0.003754
vn 0.331197 -0.943554 0.003754
vn -0.000005 0.003979 0.999992
vn -0.000001 0.003979 0.999992
vn 0.575296 -0.769141 0.278309
vn 0.772026 -0.571914 0.277290
vn 0.680299 -0.676923 0.281014
vn 0.570719 -0.821139 0.003267
vn 0.570719 -0.821139 0.003267
vn 0.606994 -0.794700 0.003162
vn 0.606993 -0.794701 0.003162
vn 0.000005 0.003977 0.999992
vn -0.000000 0.003979 0.999992
vn 0.785204 -0.553727 0.277201
vn 0.911194 -0.305829 0.276033
vn 0.856450 -0.433820 0.279810
vn 0.796558 -0.604557 0.002406
vn 0.796559 -0.604557 0.002406
vn 0.822835 -0.568276 0.002262
vn 0.822835 -0.568275 0.002262
vn 0.000014 0.003977 0.999992
vn -0.000000 0.003979 0.999992
vn 0.918109 -0.284492 0.275936
vn 0.961456 -0.010116 0.274773
vn 0.948850 -0.148675 0.278531
vn 0.944215 -0.329326 0.001310
vn 0.944215 -0.329327 0.001310
vn 0.957996 -0.286778 0.001141
vn 0.957996 -0.286778 0.001141
vn 0.000009 0.003978 0.999992
vn -0.000000 0.003979 0.999992
vn 0.961456 0.012302 0.274685
vn 0.918109 0.286677 0.273664
vn 0.948850 0.150887 0.277338
vn 0.999750 -0.022349 0.000089
vn 0.999750 -0.022350 0.000089
vn 0.999750 0.022349 -0.000089
vn 0.999750 0.022349 -0.000089
vn -0.000005 0.003978 0.999992
vn -0.000001 0.003979 0.999992
vn 0.911194 0.308015 0.273591
vn 0.785204 0.555915 0.272788
vn 0.856450 0.436033 0.276349
vn 0.957996 0.286778 -0.001141
vn 0.957996 0.286778 -0.001141
vn 0.944214 0.329330 -0.001310
vn 0.944214 0.329330 -0.001310
vn 0.000000 0.003978 0.999992
vn -0.000000 0.003979 0.999992
vn 0.772025 0.574104 0.272733
vn 0.575299 0.771327 0.272186
vn 0.680300 0.679135 0.275622
vn 0.822835 0.568276 -0.002261
vn 0.822835 0.568276 -0.002261
vn 0.796559 0.604555 -0.002405
vn 0.796559 0.604555 -0.002405
vn 0.000007 0.003976 0.999992
vn -0.000000 0.003979 0.999992
vn 0.557106 0.784581 0.272150
vn 0.308597 0.911525 0.271827
vn 0.437176 0.856251 0.275158
vn 0.606993 0.794701 -0.003162
vn 0.606993 0.794701 -0.003162
vn 0.570717 0.821140 -0.003267
vn 0.570717 0.821140 -0.003267
vn 0.000002 0.003971 0.999992
vn -0.000000 0.003978 0.999992
vn 0.287171 0.918505 0.271812
vn 0.011273 0.962313 0.271711
vn 0.150725 0.949576 0.274933
vn 0.331197 0.943554 -0.003754
vn 0.331197 0.943554 -0.003754
vn 0.288452 0.957487 -0.003810
vn 0.288452 0.957487 -0.003810
vn 0.000000 0.003971 0.999992
vn -0.000000 0.003978 0.999992
vn -0.011273 0.962313 0.271710
vn -0.287172 0.918504 0.271814
vn -0.150725 0.949575 0.274934
vn 0.022490 0.999739 -0.003978
vn 0.022489 0.999739 -0.003978
vn -0.022489 0.999739 -0.003978
vn -0.022490 0.999739 -0.003978
vn -0.000005 0.003976 0.999992
vn -0.000001 0.003979 0.999992
vn -0.308598 0.911524 0.271829
vn -0.557106 0.784581 0.272151
vn -0.437176 0.856251 0.275159
vn -0.288452 0.957487 -0.003810
vn -0.288452 0.957487 -0.003810
vn -0.331197 0.943554 -0.003754
vn -0.331197 0.943554 -0.003754
vn -0.000005 0.003978 0.999992
vn -0.000001 0.003979 0.999992
vn -0.575298 0.771328 0.272186
vn -0.772025 0.574103 0.272733
vn -0.680300 0.679135 0.275623
vn -0.570717 0.821140 -0.003267
vn -0.570717 0.821140 -0.003267
vn -0.606993 0.794701 -0.003162
vn -0.606993 0.794701 -0.003162
vn 0.000000 0.003978 0.999992
vn -0.000000 0.003979 0.999992
vn -0.785204 0.555914 0.272789
vn -0.911194 0.308015 0.273591
vn -0.856450 0.436033 0.276350
vn -0.796560 0.604555 -0.002405
vn -0.796560 0.604555 -0.002405
vn -0.822835 0.568276 -0.002261
vn -0.822835 0.568276 -0.002261
vn -0.000009 0.003978 0.999992
vn -0.000001 0.003979 0.999992
vn -0.918109 0.286678 0.273664
vn -0.961456 0.012303 0.274685
vn -0.948850 0.150887 0.277338
vn -0.944214 0.329331 -0.001310
vn -0.944214 0.329330 -0.001310
vn -0.957996 0.286779 -0.001141
vn -0.957996 0.286779 -0.001141
vn -0.999750 0.022351 -0.000089
vn -0.999750 0.022350 -0.000089
vn -0.999750 -0.022349 0.000089
vn -0.999750 -0.022349 0.000089
vn -0.000009 -0.003979 -0.999992
vn -0.000000 -0.003978 -0.999992
vn 0.000000 -0.003978 -0.999992
vn 0.000000 -0.003978 -0.999992
vn -0.918109 -0.286676 -0.273666
vn -0.961455 -0.012299 -0.274687
vn -0.948851 -0.150886 -0.277338
vn -0.856450 -0.436033 -0.276351
vn -0.785203 -0.555914 -0.272791
vn -0.911195 -0.308015 -0.273590
vn 0.000000 -0.003978 -0.999992
vn 0.000009 -0.003976 -0.999992
vn -0.680299 -0.679135 -0.275623
vn -0.575300 -0.771328 -0.272184
vn -0.772024 -0.574103 -0.272737
vn 0.000000 -0.003978 -0.999992
vn 0.000002 -0.003976 -0.999992
vn -0.437176 -0.856251 -0.275156
vn -0.308601 -0.911524 -0.271827
vn -0.557110 -0.784579 -0.272147
vn 0.000000 -0.003978 -0.999992
vn -0.000002 -0.003977 -0.999992
vn -0.150725 -0.949575 -0.274934
vn -0.011271 -0.962312 -0.271713
vn -0.287169 -0.918505 -0.271812
vn 0.000000 -0.003978 -0.999992
vn 0.000003 -0.003977 -0.999992
vn 0.150725 -0.949575 -0.274935
vn 0.287170 -0.918505 -0.271812
vn 0.011271 -0.962313 -0.271712
vn 0.000000 -0.003978 -0.999992
vn -0.000001 -0.003976 -0.999992
vn 0.437178 -0.856250 -0.275158
vn 0.557111 -0.784578 -0.272149
vn 0.308602 -0.911523 -0.271830
vn 0.000000 -0.003978 -0.999992
vn -0.000007 -0.003976 -0.999992
vn 0.680299 -0.679135 -0.275625
vn 0.772022 -0.574104 -0.272739
vn 0.575300 -0.771327 -0.272183
vn 0.000000 -0.003978 -0.999992
vn -0.000002 -0.003978 -0.999992
vn 0.856449 -0.436032 -0.276353
vn 0.911195 -0.308013 -0.273590
vn 0.785203 -0.555913 -0.272794
vn 0.000000 -0.003978 -0.999992
vn 0.000005 -0.003979 -0.999992
vn 0.948850 -0.150887 -0.277338
vn 0.961456 -0.012301 -0.274685
vn 0.918109 -0.286678 -0.273664
vn 0.000000 -0.003978 -0.999992
vn 0.000005 -0.003979 -0.999992
vn 0.948851 0.148676 -0.278529
vn 0.918109 0.284491 -0.275935
vn 0.961455 0.010116 -0.274775
vn 0.000000 -0.003978 -0.999992
vn 0.000000 -0.003978 -0.999992
vn 0.856451 0.433821 -0.279806
vn 0.785204 0.553729 -0.277199
vn 0.911195 0.305829 -0.276031
vn 0.000000 -0.003978 -0.999992
vn 0.000002 -0.003978 -0.999992
vn 0.680300 0.676922 -0.281013
vn 0.575300 0.769138 -0.278312
vn 0.772025 0.571916 -0.277290
vn 0.000000 -0.003978 -0.999992
vn -0.000000 -0.003979 -0.999992
vn 0.437176 0.854035 -0.281961
vn 0.308602 0.909331 -0.279074
vn 0.557110 0.782389 -0.278380
vn 0.000000 -0.003978 -0.999992
vn 0.000000 -0.003982 -0.999992
vn 0.150725 0.947358 -0.282479
vn 0.011273 0.960121 -0.279357
vn 0.287171 0.916312 -0.279113
vn 0.000000 -0.003978 -0.999992
vn 0.000005 -0.003982 -0.999992
vn -0.150725 0.947358 -0.282479
vn -0.287171 0.916313 -0.279112
vn -0.011273 0.960121 -0.279356
vn 0.000000 -0.003978 -0.999992
vn 0.000000 -0.003979 -0.999992
vn -0.437177 0.854035 -0.281961
vn -0.557111 0.782388 -0.278381
vn -0.308603 0.909331 -0.279072
vn 0.000000 -0.003978 -0.999992
vn -0.000002 -0.003978 -0.999992
vn -0.680300 0.676922 -0.281013
vn -0.772025 0.571917 -0.277289
vn -0.575300 0.769137 -0.278311
vn 0.000000 -0.003978 -0.999992
vn 0.000000 -0.003978 -0.999992
vn -0.856450 0.433822 -0.279807
vn -0.911194 0.305829 -0.276032
vn -0.785204 0.553729 -0.277199
vn 0.000000 -0.003978 -0.999992
vn -0.000005 -0.003979 -0.999992
vn -0.948850 0.148677 -0.278529
vn -0.961455 0.010118 -0.274775
vn -0.918109 0.284492 -0.275936
vn 0.000000 0.432256 0.901751
vn 0.000000 0.432256 0.901751
vn 0.000000 0.432256 0.901751
vn 0.000000 0.432256 0.901751
vn 0.000000 0.901751 -0.432256
vn 0.000000 0.901751 -0.432256
vn 0.000000 0.901751 -0.432256
vn 0.000000 0.901751 -0.432256
vn 0.000000 -0.432255 -0.901752
vn 0.000000 -0.432255 -0.901752
vn 0.000000 -0.432255 -0.901752
vn 0.000000 -0.432255 -0.901752
vn 0.000000 -0.901751 0.432256
vn 0.000000 -0.901751 0.432256
vn 0.000000 -0.901751 0.432256
vn 0.000000 -0.901751 0.432256
vn 1.000000 0.000000 0.000000
vn 1.000000 0.000000 0.000000
vn 1.000000 0.000000 0.000000
vn 1.000000 0.000000 0.000000
vn -1.000000 -0.000000 0.000000
vn -1.000000 -0.000000 0.000000
vn -1.000000 -0.000000 0.000000
vn -1.000000 -0.000000 0.000000
vn 0.000000 0.000000 0.000000
vn 0.000000 0.000000 0.000000
vn 0.000000 0.000000 0.000000
vn 0.000000 0.000000 0.000000
vn 0.000000 0.000000 0.000000
vn 0.000000 0.000000 0.000000
vn 0.000000 0.000000 0.000000
vn 0.000000 0.000000 0.000000
vn 0.000000 0.000000 0.000000
vn 0.000000 0.000000 0.000000
vn 0.000000 0.000000 0.000000
vn 0.000000 0.000000 0.000000
vn 0.000000 0.000000 0.000000
vn 0.000000 0.000000 0.000000
vn 0.000000 0.000000 0.000000
vn 0.000000 0.000000 0.000000
vn -0.077897 0.011883 -0.996891
vn -0.077897 0.011883 -0.996891
vn -0.077897 0.011883 -0.996891
vn -0.077897 0.011883 -0.996891
vn -0.104710 0.993988 0.031998
vn -0.104710 0.993988 0.031998
vn -0.104710 0.993988 0.031998
vn -0.104710 0.993988 0.031998
vn -0.110387 0.029583 0.993448
vn -0.110387 0.029583 0.993448
vn -0.110387 0.029583 0.993448
vn -0.110387 0.029583 0.993448
vn -0.087399 -0.995385 0.039612
vn -0.087399 -0.995386 0.039612
vn -0.087399 -0.995386 0.039612
vn -0.087399 -0.995386 0.039612
s 1
g Hero_Item_202F:Shotgun_Revolver
usemtl initialShadingGroup
f 41/1/1 42/2/2 43/3/3 44/725/4
s 2
f 42/2/5 45/5/6 46/6/7 43/3/8
s 3
f 47/7/9 48/8/10 49/732/11 50/10/12
s 1
f 48/8/13 51/11/14 52/12/15 49/732/16
s 2
f 53/13/17 54/14/18 55/731/19 56/16/20
s 5
f 54/14/21 57/17/22 58/18/23 55/731/24
f 59/19/25 60/20/26 61/21/27 62/748/28
s 3
f 60/20/29 63/23/30 64/24/31 61/21/32
s 5
f 57/17/22 59/19/25 62/748/28 58/18/23
s 1
f 44/725/4 52/12/15 51/11/14 41/1/1
s 3
f 47/7/9 50/10/12 64/24/31 63/23/30
s 2
f 46/6/7 45/5/6 53/13/17 56/16/20
s off
f 66/25/33 65/26/34 67/27/35 68/28/36
f 65/26/37 69/742/38 70/743/39 67/27/40
f 69/29/41 71/31/42 72/32/43 70/30/44
f 71/31/45 66/25/46 68/28/47 72/32/48
f 74/33/49 73/34/50 75/35/51 76/36/52
f 73/34/53 77/37/54 78/38/55 75/35/56
f 77/37/57 79/737/58 80/738/59 78/38/60
f 79/39/61 74/33/62 76/36/63 80/40/64
s 6
f 17/41/65 20/42/66 19/43/67 18/44/68
s 7
f 18/44/69 19/43/70 22/45/71 21/46/72
s 8
f 25/47/73 28/735/74 27/49/75 26/50/76
s 6
f 26/50/77 27/49/78 29/51/79 23/52/80
s 7
f 24/53/81 33/54/82 32/55/83 31/56/84
s 9
f 31/56/85 32/55/86 35/57/87 34/58/88
f 36/59/89 39/60/90 38/749/91 37/62/92
s 8
f 37/62/93 38/749/94 40/750/95 30/64/96
s 9
f 34/58/88 35/57/87 39/60/90 36/59/89
s 6
f 20/42/66 17/41/65 23/52/80 29/51/79
s 8
f 25/47/73 30/64/96 40/750/95 28/735/74
s 7
f 22/45/71 33/54/82 24/53/81 21/46/72
s off
f 1/752/97 10/66/98 9/67/99 2/68/100
f 2/68/101 9/67/102 11/69/103 4/745/104
f 4/70/105 11/744/106 12/71/107 3/72/108
f 3/72/109 12/71/110 10/66/111 1/752/112
f 5/73/113 14/74/114 13/75/115 6/76/116
f 6/76/117 13/75/118 15/77/119 8/751/120
f 8/751/121 15/77/122 16/79/123 7/740/124
f 7/80/125 16/739/126 14/74/127 5/73/128
f 19/43/129 20/42/130 44/4/131 43/736/132
f 81/81/133 82/82/134 83/83/135 84/84/136
f 85/85/137 86/86/138 87/87/139
f 29/51/140 27/49/141 49/9/142 52/727/143
f 88/88/144 89/89/145 90/90/146 91/91/147
s 11
f 35/57/148 32/55/149 55/15/150 58/747/151
f 38/749/152 39/60/153 62/22/154 61/729/155
s off
f 92/92/156 93/93/157 94/94/158
s 11
f 39/60/153 35/57/148 58/747/151 62/22/154
s off
f 28/48/159 40/63/160 64/24/161 50/10/162
f 33/54/163 22/45/164 46/6/165 56/16/166
f 1/65/167 2/746/168 65/26/169 66/25/170
f 9/67/171 10/66/172 68/28/173 67/27/174
f 2/68/175 4/745/176 69/742/177 65/26/178
f 11/69/179 9/67/180 67/27/181 70/743/182
f 4/70/183 3/72/184 71/31/185 69/29/186
f 12/71/187 11/744/188 70/30/189 72/32/190
f 3/72/191 1/65/192 66/25/193 71/31/194
f 10/66/195 12/71/196 72/32/197 68/28/198
f 5/73/199 6/76/200 73/34/201 74/33/202
f 13/75/203 14/74/204 76/36/205 75/35/206
f 6/76/207 8/78/208 77/37/209 73/34/210
f 15/77/211 13/75/212 75/35/213 78/38/214
f 8/78/215 7/741/216 79/737/217 77/37/218
f 16/79/219 15/77/220 78/38/221 80/738/222
f 7/80/223 5/73/224 74/33/225 79/39/226
f 14/74/227 16/739/228 80/40/229 76/36/230
s 7
f 22/45/71 19/43/70 82/82/231 81/81/232
s off
f 19/43/233 43/736/234 83/83/235 82/82/236
s 2
f 43/3/8 46/6/7 84/84/237 83/83/238
s off
f 46/6/239 22/45/240 81/81/241 84/84/242
s 8
f 27/49/75 28/735/74 86/734/243 85/733/244
s off
f 28/48/245 50/10/246 87/87/247 86/86/248
s 3
f 50/10/12 49/732/11 85/85/249 87/87/250
s off
f 49/9/251 27/49/252 85/733/253
s 7
f 32/55/83 33/54/82 89/89/254 88/88/255
s off
f 33/54/256 56/16/257 90/90/258 89/89/259
s 2
f 56/16/20 55/731/19 91/91/260 90/90/261
s off
f 55/15/262 32/55/263 88/88/264 91/91/265
s 8
f 40/63/95 38/61/94 92/92/266
s off
f 38/61/267 61/730/268 93/93/269 92/92/270
s 3
f 61/21/32 64/24/31 94/94/271 93/93/272
s off
f 64/24/273 40/63/274 92/92/275 94/94/276
s 6
f 20/42/66 29/51/79 95/95/277 96/726/278
s off
f 29/51/279 52/727/280 95/95/281
s 1
f 52/12/15 44/725/4 96/96/282 95/728/283
s off
f 44/4/284 20/42/285 96/726/286
s 12
f 109/724/287 110/98/288 111/99/289 112/100/290
f 110/98/288 109/724/287 113/723/291 114/102/292
f 114/102/292 113/723/291 115/722/293 116/104/294
s 13
f 253/105/295 254/106/296 255/107/297 256/108/298
s 14
f 254/106/299 253/105/300 257/109/301 258/110/302
f 258/110/302 257/109/301 259/111/303 260/112/304
s 12
f 116/104/294 115/722/293 117/721/305 118/114/306
s 13
f 256/108/298 255/107/297 261/115/307 262/116/308
s 12
f 119/720/309 120/118/310 121/119/311 122/120/312
f 120/118/310 119/720/309 123/718/313 124/122/314
f 124/122/314 123/718/313 112/100/290 111/99/289
s 14
f 263/123/315 264/124/316 260/112/304 259/111/303
s 16
f 264/124/317 263/123/318 265/125/319 266/126/320
f 266/126/320 265/125/319 267/127/321 268/128/322
s 12
f 118/717/306 117/113/305 125/129/323 126/716/324
f 126/716/324 125/129/323 127/131/325 128/715/326
s 17
f 269/133/327 270/134/328 271/135/329 272/136/330
s 13
f 270/134/331 269/133/332 262/116/308 261/115/307
s 12
f 128/132/326 127/714/325 129/713/333 130/138/334
s 17
f 272/136/330 271/135/329 273/139/335 274/140/336
s 12
f 130/138/334 129/713/333 131/711/337 132/142/338
f 132/142/338 131/711/337 122/120/312 121/119/311
s 16
f 275/143/339 276/144/340 268/128/322 267/127/321
s 17
f 276/144/341 275/143/342 274/140/336 273/139/335
s 18
f 110/98/343 114/102/344 133/145/345 134/146/346
f 114/102/344 116/104/347 135/147/348 133/145/345
f 120/118/349 124/122/350 136/148/351 137/149/352
f 124/122/350 111/99/353 138/150/354 136/148/351
f 118/114/355 126/130/356 139/151/357 140/152/358
f 126/130/356 128/132/359 141/153/360 139/151/357
f 130/138/361 132/142/362 142/154/363 143/155/364
f 132/142/362 121/119/365 144/156/366 142/154/363
f 128/132/359 130/138/361 143/155/364 141/153/360
f 111/99/353 110/98/343 134/146/346 138/150/354
f 121/119/365 120/118/349 137/149/352 144/156/366
f 116/104/347 118/114/355 140/152/358 135/147/348
s 6
f 17/41/65 18/44/68 98/157/367 97/158/368
s 22
f 278/159/369 277/160/370 257/109/371 253/105/372
s 7
f 18/44/69 21/46/72 99/161/373 98/157/374
s 23
f 279/162/375 278/159/376 253/105/377 256/108/378
s 8
f 25/47/73 26/50/76 101/163/379 100/164/380
s 24
f 281/165/381 280/166/382 265/125/383 263/123/384
s 6
f 26/50/77 23/52/80 102/167/385 101/163/386
s 22
f 282/168/387 281/165/388 263/123/389 259/111/390
s 7
f 24/53/81 31/56/84 104/169/391 103/170/392
s 23
f 284/171/393 283/172/394 262/116/395 269/133/396
s 9
f 31/56/85 34/58/88 105/173/397 104/169/398
s 25
f 285/174/399 284/171/400 269/133/401 272/136/402
s 9
f 36/59/89 37/62/92 107/175/403 106/176/404
s 25
f 287/177/405 286/178/406 274/140/407 275/143/408
s 8
f 37/62/93 30/64/96 108/179/409 107/175/410
s 24
f 288/180/411 287/177/412 275/143/413 267/127/414
s 9
f 34/58/88 36/59/89 106/176/404 105/173/397
s 25
f 286/178/406 285/174/399 272/136/402 274/140/407
s 6
f 23/52/80 17/41/65 97/158/368 102/167/385
s 22
f 277/160/370 282/168/387 259/111/390 257/109/371
s 8
f 30/64/96 25/47/73 100/164/380 108/179/409
s 24
f 280/166/382 288/180/411 267/127/414 265/125/383
s 7
f 21/46/72 24/53/81 103/170/392 99/161/373
s 23
f 283/172/394 279/162/375 256/108/378 262/116/395
s off
f 102/167/415 97/158/416 109/97/417 112/719/418
f 97/158/419 98/157/420 113/101/421 109/97/422
f 98/157/423 99/161/424 115/103/425 113/101/426
f 99/161/427 103/170/428 117/113/429 115/103/430
f 108/179/431 100/164/432 119/117/433 122/712/434
f 100/164/435 101/163/436 123/121/437 119/117/438
f 101/163/439 102/167/440 112/719/441 123/121/442
f 103/170/443 104/169/444 125/129/445 117/113/446
f 104/169/447 105/173/448 127/131/449 125/129/450
f 105/173/451 106/176/452 129/137/453 127/131/454
f 106/176/455 107/175/456 131/141/457 129/137/458
f 107/175/459 108/179/460 122/712/461 131/141/462
f 254/106/463 258/110/464 289/181/465 290/182/466
f 255/107/467 254/106/468 290/182/469 291/183/470
f 264/124/471 266/126/472 292/184/473 293/185/474
f 260/112/475 264/124/476 293/185/477 294/186/478
f 270/134/479 261/115/480 295/187/481 296/188/482
f 271/135/483 270/134/484 296/188/485 297/189/486
f 276/144/487 273/139/488 298/190/489 299/191/490
f 268/128/491 276/144/492 299/191/493 300/192/494
f 273/139/495 271/135/496 297/189/497 298/190/498
f 258/110/499 260/112/500 294/186/501 289/181/502
f 266/126/503 268/128/504 300/192/505 292/184/506
f 261/115/507 255/107/508 291/183/509 295/187/510
s 26
f 185/193/511 186/194/512 187/195/513 188/196/514
s 27
f 189/197/515 190/198/516 191/199/517 192/200/518
s off
f 193/201/519 640/637/520 648/643/521 196/202/522
s 28
f 197/203/523 198/204/524 199/205/525 200/206/526
s 27
f 190/198/516 201/207/527 202/208/528 191/199/517
s off
f 225/209/529 226/210/530 227/211/531 228/212/532
s 26
f 205/213/533 185/193/511 188/196/514 206/214/534
s 28
f 207/215/535 197/203/523 200/206/526 208/216/536
s 27
f 209/217/537 210/218/538 189/197/515 192/200/518
s off
f 211/219/539 212/220/540 213/221/541 214/222/542
s 28
f 215/223/543 216/698/544 199/205/525 198/204/524
s off
f 217/700/545 210/218/546 209/217/547 218/226/548
s 29
f 210/218/549 215/223/550 198/204/551 189/197/552
f 189/197/552 198/204/551 197/203/553 190/198/554
f 190/198/554 197/203/553 207/215/555 201/207/556
s 30
f 219/227/557 209/217/558 192/200/559 193/201/560
f 193/201/560 192/200/559 191/199/561 639/638/562
s off
f 638/634/563 191/199/564 202/208/565 655/652/566
f 203/228/567 221/229/568 222/696/569 204/231/570
s 31
f 216/698/571 203/228/572 186/194/573 199/205/574
f 199/205/574 186/194/573 185/193/575 200/206/576
f 200/206/576 185/193/575 205/213/577 208/216/578
s 32
f 204/231/579 223/232/580 196/701/581 187/195/582
f 187/195/582 196/701/581 647/642/583 188/196/584
s off
f 188/196/585 646/641/586 661/659/587 206/214/588
f 211/219/589 205/213/590 206/214/591 212/220/592
f 208/216/593 211/219/594 214/222/595 207/215/596
f 212/220/597 659/656/598 650/649/599 213/221/600
f 213/221/601 202/208/602 201/207/603 214/222/604
f 217/700/605 215/223/606 210/218/607
f 219/227/608 218/226/609 209/217/610
f 221/229/611 203/228/612 216/698/613
f 204/231/614 222/696/615 223/232/616
f 205/213/617 211/219/618 208/216/619
f 212/220/620 206/214/621 660/657/622
f 213/221/623 651/653/624 202/208/625
f 207/215/626 214/222/627 201/207/628
s 33
f 165/233/629 145/706/630 151/710/631 172/236/632
s 34
f 174/237/633 182/238/634 170/239/635 176/240/636
s off
f 148/241/637 150/242/638 153/665/639 149/244/640
s 35
f 184/245/641 183/246/642 147/247/643 181/248/644
s 34
f 176/240/636 170/239/635 180/249/645 179/250/646
s 33
f 160/251/647 172/236/632 151/710/631 175/709/648
f 159/253/649 173/254/650 145/234/630 165/708/629
s off
f 652/651/651 657/658/652 644/645/653 636/635/654
s 34
f 166/255/655 182/238/634 174/237/633 164/256/656
s off
f 156/257/657 146/705/658 154/704/659 152/260/660
s 35
f 167/261/661 181/248/644 147/247/643 169/262/662
s off
f 161/263/663 163/264/664 166/255/665 164/256/666
s 36
f 164/256/667 174/237/668 181/248/669 167/261/670
f 174/237/668 176/240/671 184/245/672 181/248/669
f 176/240/671 179/250/673 177/664/674 184/245/672
s 37
f 162/266/675 148/241/676 182/238/677 166/255/678
f 148/241/676 149/244/679 170/239/680 182/238/677
f 149/244/679 157/267/681 180/249/682 170/239/680
s off
f 160/251/683 175/709/684 158/702/685 171/269/686
s 38
f 169/262/687 147/247/688 172/236/689 160/251/690
f 147/247/688 183/246/691 165/233/692 172/236/689
f 183/666/691 178/663/693 159/253/694 165/708/692
s 39
f 175/252/695 151/235/696 150/242/697 168/271/698
f 151/235/696 145/707/699 153/665/700 150/242/697
f 145/234/699 173/254/701 155/272/702 153/243/700
s off
f 156/257/703 152/260/704 173/254/705 159/253/706
f 178/663/707 177/265/708 146/705/709 156/257/710
f 152/260/711 154/704/712 157/703/713 155/272/714
f 154/259/715 146/258/716 179/250/717 180/249/718
f 161/263/719 164/256/720 167/261/721
f 162/266/722 166/255/723 163/264/724
f 171/269/725 169/262/726 160/251/727
f 175/252/728 168/271/729 158/268/730
f 159/253/731 178/663/732 156/257/733
f 152/260/734 155/272/735 173/254/736
f 154/259/737 180/249/738 157/267/739
f 177/664/740 179/250/741 146/258/742
f 629/273/743 630/274/744 631/275/745 632/276/746
f 150/242/747 148/241/748 193/201/749 196/202/750
f 167/261/751 169/262/752 216/224/753 215/699/754
s 40
f 163/264/755 161/263/756 217/225/757 218/226/758
s 41
f 148/241/759 162/266/760 219/227/761 193/201/762
s off
f 157/267/763 149/244/764 637/639/765 654/655/766
s 42
f 171/269/767 158/702/768 222/695/769 221/697/770
f 168/271/771 150/242/772 196/202/773 223/694/774
s off
f 153/243/775 155/272/776 662/661/777 645/648/778
f 155/272/779 157/703/780 653/654/781 658/662/782
s 40
f 161/263/756 167/261/783 215/699/784 217/225/757
s 41
f 162/266/760 163/264/785 218/226/786 219/227/761
s 42
f 169/262/787 171/269/767 221/697/770 216/224/788
f 158/268/768 168/271/771 223/694/774 222/230/769
s off
f 203/228/789 204/231/790 226/210/791 225/209/792
f 204/231/793 187/195/794 227/211/795 226/210/796
f 187/195/797 186/194/798 228/212/799 227/211/800
f 186/194/801 203/228/802 225/209/803 228/212/804
f 42/2/805 41/1/806 229/277/807 230/278/808
f 45/5/809 42/2/810 230/278/811 231/279/812
f 48/8/813 47/7/814 232/280/815 233/281/816
f 51/11/817 48/8/818 233/281/819 234/282/820
f 54/14/821 53/13/822 235/283/823 236/284/824
f 57/17/825 54/14/826 236/284/827 237/285/828
f 60/20/829 59/19/830 238/286/831 239/287/832
f 63/23/833 60/20/834 239/287/835 240/288/836
f 59/19/837 57/17/838 237/285/839 238/286/840
f 41/1/841 51/11/842 234/282/843 229/277/844
f 47/7/845 63/23/846 240/288/847 232/280/848
f 53/13/849 45/5/850 231/279/851 235/283/852
f 134/146/853 133/145/854 242/289/855 241/290/856
f 133/145/857 135/147/858 243/291/859 242/289/860
f 137/149/861 136/148/862 245/292/863 244/293/864
f 136/148/865 138/150/866 246/294/867 245/292/868
f 140/152/869 139/151/870 248/295/871 247/296/872
f 139/151/873 141/153/874 249/297/875 248/295/876
f 143/155/877 142/154/878 251/298/879 250/299/880
f 142/154/881 144/156/882 252/300/883 251/298/884
f 141/153/885 143/155/886 250/299/887 249/297/888
f 138/150/889 134/146/890 241/290/891 246/294/892
f 144/156/893 137/149/894 244/293/895 252/300/896
f 135/147/897 140/152/898 247/296/899 243/291/900
f 230/278/901 229/277/902 277/160/903 278/159/904
f 231/279/905 230/278/906 278/159/907 279/162/908
f 233/281/909 232/280/910 280/166/911 281/165/912
f 234/282/913 233/281/914 281/165/915 282/168/916
f 236/284/917 235/283/918 283/172/919 284/171/920
f 237/285/921 236/284/922 284/171/923 285/174/924
f 239/287/925 238/286/926 286/178/927 287/177/928
f 240/288/929 239/287/930 287/177/931 288/180/932
f 238/286/933 237/285/934 285/174/935 286/178/936
f 229/277/937 234/282/938 282/168/939 277/160/940
f 232/280/941 240/288/942 288/180/943 280/166/944
f 235/283/945 231/279/946 279/162/947 283/172/948
f 241/290/949 242/289/950 290/182/951 289/181/952
f 242/289/953 243/291/954 291/183/955 290/182/956
f 244/293/957 245/292/958 293/185/959 292/184/960
f 245/292/961 246/294/962 294/186/963 293/185/964
f 247/296/965 248/295/966 296/188/967 295/187/968
f 248/295/969 249/297/970 297/189/971 296/188/972
f 250/299/973 251/298/974 299/191/975 298/190/976
f 251/298/977 252/300/978 300/192/979 299/191/980
f 249/297/981 250/299/982 298/190/983 297/189/984
f 246/294/985 241/290/986 289/181/987 294/186/988
f 252/300/989 244/293/990 292/184/991 300/192/992
f 243/291/993 247/296/994 295/187/995 291/183/996
s 43
f 461/301/997 462/302/998 463/303/999 464/304/1000
s 44
f 465/305/1001 461/301/1002 466/306/1003
s 45
f 467/307/1004 465/305/1005 468/308/1006 469/309/1007
s 44
f 462/302/1008 467/307/1009 470/310/1010
s 43
f 471/311/1011 461/301/997 464/304/1000 472/312/1012
s 44
f 473/313/1013 471/311/1014 474/680/1015
s 45
f 466/306/1016 473/313/1017 475/315/1018 476/316/1019
s 43
f 477/317/1020 471/311/1011 472/312/1012 478/318/1021
s 44
f 479/319/1022 477/679/1023 480/320/1024
s 45
f 474/314/1025 479/319/1026 481/321/1027 482/322/1028
s 43
f 483/323/1029 477/317/1020 478/318/1021 484/324/1030
s 44
f 485/325/1031 483/678/1032 486/326/1033
s 45
f 480/320/1034 485/325/1035 487/327/1036 488/328/1037
s 43
f 489/329/1038 483/323/1029 484/324/1030 490/330/1039
s 44
f 491/331/1040 489/677/1041 492/332/1042
s 45
f 486/326/1043 491/331/1044 493/333/1045 494/334/1046
s 43
f 495/335/1047 489/329/1038 490/330/1039 496/336/1048
s 44
f 497/337/1049 495/676/1050 498/338/1051
s 45
f 492/332/1052 497/337/1053 499/339/1054 500/340/1055
s 43
f 501/341/1056 495/335/1047 496/336/1048 502/342/1057
s 44
f 503/343/1058 501/675/1059 504/344/1060
s 45
f 498/338/1061 503/343/1062 505/345/1063 506/346/1064
s 43
f 507/347/1065 501/341/1056 502/342/1057 508/348/1066
s 44
f 509/349/1067 507/674/1068 510/350/1069
s 45
f 504/344/1070 509/349/1071 511/351/1072 512/352/1073
s 43
f 513/353/1074 507/347/1065 508/348/1066 514/354/1075
s 44
f 515/355/1076 513/673/1077 516/356/1078
s 45
f 510/350/1079 515/355/1080 517/357/1081 518/358/1082
s 43
f 519/359/1083 513/353/1074 514/354/1075 520/360/1084
s 44
f 521/361/1085 519/672/1086 522/362/1087
s 45
f 516/356/1088 521/361/1089 523/363/1090 524/364/1091
s 43
f 525/365/1092 519/359/1083 520/360/1084 526/366/1093
s 44
f 527/367/1094 525/671/1095 528/368/1096
s 45
f 522/362/1097 527/367/1098 529/369/1099 530/370/1100
s 43
f 531/371/1101 525/365/1092 526/366/1093 532/372/1102
s 44
f 533/373/1103 531/371/1104 534/374/1105
s 45
f 528/368/1106 533/373/1107 535/375/1108 536/376/1109
s 43
f 537/377/1110 531/371/1101 532/372/1102 538/378/1111
s 44
f 539/379/1112 537/377/1113 540/380/1114
s 45
f 534/374/1115 539/379/1116 541/381/1117 542/382/1118
s 43
f 543/383/1119 537/377/1110 538/378/1111 544/384/1120
s 44
f 545/385/1121 543/383/1122 546/386/1123
s 45
f 540/380/1124 545/385/1125 547/387/1126 548/388/1127
s 43
f 549/389/1128 543/383/1119 544/384/1120 550/390/1129
s 44
f 551/391/1130 549/389/1131 552/392/1132
s 45
f 546/386/1133 551/391/1134 553/393/1135 554/394/1136
s 43
f 555/395/1137 549/389/1128 550/390/1129 556/396/1138
s 44
f 557/397/1139 555/395/1140 558/398/1141
s 45
f 552/392/1142 557/397/1143 559/399/1144 560/400/1145
s 43
f 561/401/1146 555/395/1137 556/396/1138 562/402/1147
s 44
f 563/403/1148 561/401/1149 564/404/1150
s 45
f 558/398/1151 563/403/1152 565/405/1153 566/406/1154
s 43
f 567/407/1155 561/401/1146 562/402/1147 568/408/1156
s 44
f 569/409/1157 567/407/1158 570/410/1159
s 45
f 564/404/1160 569/409/1161 571/411/1162 572/412/1163
s 43
f 573/413/1164 567/407/1155 568/408/1156 574/414/1165
s 44
f 575/415/1166 573/413/1167 576/416/1168
s 45
f 570/410/1169 575/415/1170 577/417/1171 578/418/1172
s 43
f 462/302/998 573/413/1164 574/414/1165 463/303/999
s 45
f 576/416/1173 470/310/1174 579/419/1175 580/420/1176
s 64
f 581/421/1177 582/422/1178 583/423/1179 584/424/1180
s 65
f 469/309/1181 581/421/1182 579/419/1183
f 582/422/1184 468/308/1185 476/316/1186
s 64
f 582/422/1178 585/425/1187 586/426/1188 583/423/1179
s 65
f 585/425/1189 475/315/1190 482/670/1191
s 64
f 585/425/1187 587/427/1192 588/428/1193 586/426/1188
s 65
f 587/427/1194 481/321/1195 488/328/1196
s 64
f 587/427/1192 589/429/1197 590/430/1198 588/428/1193
s 65
f 589/429/1199 487/327/1200 494/334/1201
s 64
f 589/429/1197 591/431/1202 592/432/1203 590/430/1198
s 65
f 591/431/1204 493/333/1205 500/340/1206
s 64
f 591/431/1202 593/433/1207 594/434/1208 592/432/1203
s 65
f 593/433/1209 499/339/1210 506/346/1211
s 64
f 593/433/1207 595/435/1212 596/436/1213 594/434/1208
s 65
f 595/435/1214 505/345/1215 512/352/1216
s 64
f 595/435/1212 597/437/1217 598/438/1218 596/436/1213
s 65
f 597/437/1219 511/351/1220 518/358/1221
s 64
f 597/437/1217 599/439/1222 600/440/1223 598/438/1218
s 65
f 599/439/1224 517/357/1225 524/364/1226
s 64
f 599/439/1222 601/441/1227 602/442/1228 600/440/1223
s 65
f 601/441/1229 523/363/1230 530/370/1231
s 64
f 601/441/1227 603/443/1232 604/444/1233 602/442/1228
s 65
f 603/443/1234 529/369/1235 536/376/1236
s 64
f 603/443/1232 605/445/1237 606/446/1238 604/444/1233
s 65
f 605/445/1239 535/375/1240 542/382/1241
s 64
f 605/445/1237 607/447/1242 608/448/1243 606/446/1238
s 65
f 607/447/1244 541/381/1245 548/388/1246
s 64
f 607/447/1242 609/449/1247 610/450/1248 608/448/1243
s 65
f 609/449/1249 547/387/1250 554/394/1251
s 64
f 609/449/1247 611/451/1252 612/452/1253 610/450/1248
s 65
f 611/451/1254 553/393/1255 560/400/1256
s 64
f 611/451/1252 613/453/1257 614/454/1258 612/452/1253
s 65
f 613/453/1259 559/399/1260 566/406/1261
s 64
f 613/453/1257 615/455/1262 616/456/1263 614/454/1258
s 65
f 615/455/1264 565/405/1265 572/412/1266
s 64
f 615/455/1262 617/457/1267 618/458/1268 616/456/1263
s 65
f 617/457/1269 571/411/1270 578/418/1271
s 64
f 617/457/1267 619/459/1272 620/460/1273 618/458/1268
s 65
f 619/459/1274 577/417/1275 580/420/1276
s 64
f 619/459/1272 581/421/1177 584/424/1180 620/460/1273
s 45
f 465/305/1005 466/306/1016 476/316/1019 468/308/1006
f 473/313/1017 474/680/1025 482/670/1028 475/315/1018
f 479/319/1026 480/320/1034 488/328/1037 481/321/1027
f 485/325/1035 486/326/1043 494/334/1046 487/327/1036
f 491/331/1044 492/332/1052 500/340/1055 493/333/1045
f 497/337/1053 498/338/1061 506/346/1064 499/339/1054
f 503/343/1062 504/344/1070 512/352/1073 505/345/1063
f 509/349/1071 510/350/1079 518/358/1082 511/351/1072
f 515/355/1080 516/356/1088 524/364/1091 517/357/1081
f 521/361/1089 522/362/1097 530/370/1100 523/363/1090
f 527/367/1098 528/368/1106 536/376/1109 529/369/1099
f 533/373/1107 534/374/1115 542/382/1118 535/375/1108
f 539/379/1116 540/380/1124 548/388/1127 541/381/1117
f 545/385/1125 546/386/1133 554/394/1136 547/387/1126
f 551/391/1134 552/392/1142 560/400/1145 553/393/1135
f 557/397/1143 558/398/1151 566/406/1154 559/399/1144
f 563/403/1152 564/404/1160 572/412/1163 565/405/1153
f 569/409/1161 570/410/1169 578/418/1172 571/411/1162
f 575/415/1170 576/416/1173 580/420/1176 577/417/1171
f 470/310/1174 467/307/1004 469/309/1007 579/419/1175
s 44
f 461/301/1002 465/305/1001 467/307/1009 462/302/1008
f 471/311/1014 473/313/1013 466/306/1003 461/301/1002
f 477/679/1023 479/319/1022 474/314/1015 471/681/1014
f 483/678/1032 485/325/1031 480/320/1024 477/679/1023
f 489/677/1041 491/331/1040 486/326/1033 483/678/1032
f 495/676/1050 497/337/1049 492/332/1042 489/677/1041
f 501/675/1059 503/343/1058 498/338/1051 495/676/1050
f 507/674/1068 509/349/1067 504/344/1060 501/675/1059
f 513/673/1077 515/355/1076 510/350/1069 507/674/1068
f 519/672/1086 521/361/1085 516/356/1078 513/673/1077
f 525/671/1095 527/367/1094 522/362/1087 519/672/1086
f 531/371/1104 533/373/1103 528/368/1096 525/671/1095
f 537/377/1113 539/379/1112 534/374/1105 531/371/1104
f 543/383/1122 545/385/1121 540/380/1114 537/377/1113
f 549/389/1131 551/391/1130 546/386/1123 543/383/1122
f 555/395/1140 557/397/1139 552/392/1132 549/389/1131
f 561/401/1149 563/403/1148 558/398/1141 555/395/1140
f 567/407/1158 569/409/1157 564/404/1150 561/401/1149
f 573/413/1167 575/415/1166 570/410/1159 567/407/1158
f 462/302/1008 470/310/1010 576/416/1168 573/413/1167
s 65
f 581/421/1182 469/309/1181 468/308/1185 582/422/1184
f 582/422/1184 476/316/1186 475/315/1190 585/425/1189
f 585/425/1189 482/322/1191 481/321/1195 587/427/1194
f 587/427/1194 488/328/1196 487/327/1200 589/429/1199
f 589/429/1199 494/334/1201 493/333/1205 591/431/1204
f 591/431/1204 500/340/1206 499/339/1210 593/433/1209
f 593/433/1209 506/346/1211 505/345/1215 595/435/1214
f 595/435/1214 512/352/1216 511/351/1220 597/437/1219
f 597/437/1219 518/358/1221 517/357/1225 599/439/1224
f 599/439/1224 524/364/1226 523/363/1230 601/441/1229
f 601/441/1229 530/370/1231 529/369/1235 603/443/1234
f 603/443/1234 536/376/1236 535/375/1240 605/445/1239
f 605/445/1239 542/382/1241 541/381/1245 607/447/1244
f 607/447/1244 548/388/1246 547/387/1250 609/449/1249
f 609/449/1249 554/394/1251 553/393/1255 611/451/1254
f 611/451/1254 560/400/1256 559/399/1260 613/453/1259
f 613/453/1259 566/406/1261 565/405/1265 615/455/1264
f 615/455/1264 572/412/1266 571/411/1270 617/457/1269
f 617/457/1269 578/418/1271 577/417/1275 619/459/1274
f 619/459/1274 580/420/1276 579/419/1183 581/421/1182
s 43
f 574/414/1165 568/408/1156 562/402/1147 556/396/1138 550/390/1129 544/384/1120 538/378/1111 532/372/1102 526/366/1093 520/360/1084 514/354/1075 508/348/1066 502/342/1057 496/336/1048 490/330/1039 484/324/1030 478/318/1021 472/312/1012 464/304/1000 463/303/999
s 64
f 584/424/1180 583/423/1179 586/426/1188 588/428/1193 590/430/1198 592/432/1203 594/434/1208 596/436/1213 598/438/1218 600/440/1223 602/442/1228 604/444/1233 606/446/1238 608/448/1243 610/450/1248 612/452/1253 614/454/1258 616/456/1263 618/458/1268 620/460/1273
s 66
f 301/461/1277 439/462/1278 440/463/1279 304/464/1280
s 67
f 302/465/1281 307/466/1282 301/461/1283
s 68
f 303/467/1284 362/468/1285 363/469/1286 302/465/1287
s 67
f 304/464/1288 359/470/1289 303/467/1290
s 66
f 305/693/1291 438/472/1292 439/462/1278 301/461/1277
s 67
f 306/473/1293 310/474/1294 305/693/1295
s 68
f 307/466/1296 365/475/1297 366/476/1298 306/473/1299
s 66
f 308/691/1300 437/478/1301 438/472/1292 305/693/1291
s 67
f 309/479/1302 313/480/1303 308/477/1304
s 68
f 310/692/1305 368/682/1306 369/482/1307 309/479/1308
s 66
f 311/690/1309 436/484/1310 437/478/1301 308/691/1300
s 67
f 312/485/1311 316/486/1312 311/483/1313
s 68
f 313/480/1314 371/487/1315 372/488/1316 312/485/1317
s 66
f 314/689/1318 435/490/1319 436/484/1310 311/690/1309
s 67
f 315/491/1320 319/492/1321 314/489/1322
s 68
f 316/486/1323 374/493/1324 375/494/1325 315/491/1326
s 66
f 317/688/1327 434/496/1328 435/490/1319 314/689/1318
s 67
f 318/497/1329 322/498/1330 317/495/1331
s 68
f 319/492/1332 377/499/1333 378/500/1334 318/497/1335
s 66
f 320/687/1336 433/502/1337 434/496/1328 317/688/1327
s 67
f 321/503/1338 325/504/1339 320/501/1340
s 68
f 322/498/1341 380/505/1342 381/506/1343 321/503/1344
s 66
f 323/686/1345 432/508/1346 433/502/1337 320/687/1336
s 67
f 324/509/1347 328/510/1348 323/507/1349
s 68
f 325/504/1350 383/511/1351 384/512/1352 324/509/1353
s 66
f 326/685/1354 431/514/1355 432/508/1346 323/686/1345
s 67
f 327/515/1356 331/516/1357 326/513/1358
s 68
f 328/510/1359 386/517/1360 387/518/1361 327/515/1362
s 66
f 329/684/1363 430/520/1364 431/514/1355 326/685/1354
s 67
f 330/521/1365 334/522/1366 329/519/1367
s 68
f 331/516/1368 389/523/1369 390/524/1370 330/521/1371
s 66
f 332/683/1372 429/526/1373 430/520/1364 329/684/1363
s 67
f 333/527/1374 337/528/1375 332/525/1376
s 68
f 334/522/1377 392/529/1378 393/530/1379 333/527/1380
s 66
f 335/531/1381 428/532/1382 429/526/1373 332/683/1372
s 67
f 336/533/1383 340/534/1384 335/531/1385
s 68
f 337/528/1386 395/535/1387 396/536/1388 336/533/1389
s 66
f 338/537/1390 427/538/1391 428/532/1382 335/531/1381
s 67
f 339/539/1392 343/540/1393 338/537/1394
s 68
f 340/534/1395 398/541/1396 399/542/1397 339/539/1398
s 66
f 341/543/1399 426/544/1400 427/538/1391 338/537/1390
s 67
f 342/545/1401 346/546/1402 341/543/1403
s 68
f 343/540/1404 401/547/1405 402/548/1406 342/545/1407
s 66
f 344/549/1408 425/550/1409 426/544/1400 341/543/1399
s 67
f 345/551/1410 349/552/1411 344/549/1412
s 68
f 346/546/1413 404/553/1414 405/554/1415 345/551/1416
s 66
f 347/555/1417 424/556/1418 425/550/1409 344/549/1408
s 67
f 348/557/1419 352/558/1420 347/555/1421
s 68
f 349/552/1422 407/559/1423 408/560/1424 348/557/1425
s 66
f 350/561/1426 423/562/1427 424/556/1418 347/555/1417
s 67
f 351/563/1428 355/564/1429 350/561/1430
s 68
f 352/558/1431 410/565/1432 411/566/1433 351/563/1434
s 66
f 353/567/1435 422/568/1436 423/562/1427 350/561/1426
s 67
f 354/569/1437 358/570/1438 353/567/1439
s 68
f 355/564/1440 413/571/1441 414/572/1442 354/569/1443
s 66
f 356/573/1444 421/574/1445 422/568/1436 353/567/1435
s 67
f 357/575/1446 360/576/1447 356/573/1448
s 68
f 358/570/1449 416/577/1450 417/578/1451 357/575/1452
s 66
f 304/464/1280 440/463/1279 421/574/1445 356/573/1444
s 68
f 360/576/1453 419/579/1454 420/580/1455 359/470/1456
s 87
f 361/581/1457 441/582/1458 442/583/1459 364/584/1460
s 88
f 362/468/1461 420/580/1462 361/581/1463
f 364/584/1464 365/475/1465 363/469/1466
s 87
f 364/584/1460 442/583/1459 443/585/1467 367/586/1468
s 88
f 367/586/1469 368/481/1470 366/476/1471
s 87
f 367/586/1468 443/585/1467 444/587/1472 370/588/1473
s 88
f 370/588/1474 371/487/1475 369/482/1476
s 87
f 370/588/1473 444/587/1472 445/589/1477 373/590/1478
s 88
f 373/590/1479 374/493/1480 372/488/1481
s 87
f 373/590/1478 445/589/1477 446/591/1482 376/592/1483
s 88
f 376/592/1484 377/499/1485 375/494/1486
s 87
f 376/592/1483 446/591/1482 447/593/1487 379/594/1488
s 88
f 379/594/1489 380/505/1490 378/500/1491
s 87
f 379/594/1488 447/593/1487 448/595/1492 382/596/1493
s 88
f 382/596/1494 383/511/1495 381/506/1496
s 87
f 382/596/1493 448/595/1492 449/597/1497 385/598/1498
s 88
f 385/598/1499 386/517/1500 384/512/1501
s 87
f 385/598/1498 449/597/1497 450/599/1502 388/600/1503
s 88
f 388/600/1504 389/523/1505 387/518/1506
s 87
f 388/600/1503 450/599/1502 451/601/1507 391/602/1508
s 88
f 391/602/1509 392/529/1510 390/524/1511
s 87
f 391/602/1508 451/601/1507 452/603/1512 394/604/1513
s 88
f 394/604/1514 395/535/1515 393/530/1516
s 87
f 394/604/1513 452/603/1512 453/605/1517 397/606/1518
s 88
f 397/606/1519 398/541/1520 396/536/1521
s 87
f 397/606/1518 453/605/1517 454/607/1522 400/608/1523
s 88
f 400/608/1524 401/547/1525 399/542/1526
s 87
f 400/608/1523 454/607/1522 455/609/1527 403/610/1528
s 88
f 403/610/1529 404/553/1530 402/548/1531
s 87
f 403/610/1528 455/609/1527 456/611/1532 406/612/1533
s 88
f 406/612/1534 407/559/1535 405/554/1536
s 87
f 406/612/1533 456/611/1532 457/613/1537 409/614/1538
s 88
f 409/614/1539 410/565/1540 408/560/1541
s 87
f 409/614/1538 457/613/1537 458/615/1542 412/616/1543
s 88
f 412/616/1544 413/571/1545 411/566/1546
s 87
f 412/616/1543 458/615/1542 459/617/1547 415/618/1548
s 88
f 415/618/1549 416/577/1550 414/572/1551
s 87
f 415/618/1548 459/617/1547 460/619/1552 418/620/1553
s 88
f 418/620/1554 419/579/1555 417/578/1556
s 87
f 418/620/1553 460/619/1552 441/582/1458 361/581/1457
s 68
f 302/465/1287 363/469/1286 365/475/1297 307/466/1296
f 306/473/1299 366/476/1298 368/481/1306 310/474/1305
f 309/479/1308 369/482/1307 371/487/1315 313/480/1314
f 312/485/1317 372/488/1316 374/493/1324 316/486/1323
f 315/491/1326 375/494/1325 377/499/1333 319/492/1332
f 318/497/1335 378/500/1334 380/505/1342 322/498/1341
f 321/503/1344 381/506/1343 383/511/1351 325/504/1350
f 324/509/1353 384/512/1352 386/517/1360 328/510/1359
f 327/515/1362 387/518/1361 389/523/1369 331/516/1368
f 330/521/1371 390/524/1370 392/529/1378 334/522/1377
f 333/527/1380 393/530/1379 395/535/1387 337/528/1386
f 336/533/1389 396/536/1388 398/541/1396 340/534/1395
f 339/539/1398 399/542/1397 401/547/1405 343/540/1404
f 342/545/1407 402/548/1406 404/553/1414 346/546/1413
f 345/551/1416 405/554/1415 407/559/1423 349/552/1422
f 348/557/1425 408/560/1424 410/565/1432 352/558/1431
f 351/563/1434 411/566/1433 413/571/1441 355/564/1440
f 354/569/1443 414/572/1442 416/577/1450 358/570/1449
f 357/575/1452 417/578/1451 419/579/1454 360/576/1453
f 359/470/1456 420/580/1455 362/468/1285 303/467/1284
s 67
f 301/461/1283 304/464/1288 303/467/1290 302/465/1281
f 305/693/1295 301/461/1283 307/466/1282 306/473/1293
f 308/477/1304 305/471/1295 310/692/1294 309/479/1302
f 311/483/1313 308/477/1304 313/480/1303 312/485/1311
f 314/489/1322 311/483/1313 316/486/1312 315/491/1320
f 317/495/1331 314/489/1322 319/492/1321 318/497/1329
f 320/501/1340 317/495/1331 322/498/1330 321/503/1338
f 323/507/1349 320/501/1340 325/504/1339 324/509/1347
f 326/513/1358 323/507/1349 328/510/1348 327/515/1356
f 329/519/1367 326/513/1358 331/516/1357 330/521/1365
f 332/525/1376 329/519/1367 334/522/1366 333/527/1374
f 335/531/1385 332/525/1376 337/528/1375 336/533/1383
f 338/537/1394 335/531/1385 340/534/1384 339/539/1392
f 341/543/1403 338/537/1394 343/540/1393 342/545/1401
f 344/549/1412 341/543/1403 346/546/1402 345/551/1410
f 347/555/1421 344/549/1412 349/552/1411 348/557/1419
f 350/561/1430 347/555/1421 352/558/1420 351/563/1428
f 353/567/1439 350/561/1430 355/564/1429 354/569/1437
f 356/573/1448 353/567/1439 358/570/1438 357/575/1446
f 304/464/1288 356/573/1448 360/576/1447 359/470/1289
s 88
f 361/581/1463 364/584/1464 363/469/1466 362/468/1461
f 364/584/1464 367/586/1469 366/476/1471 365/475/1465
f 367/586/1469 370/588/1474 369/482/1476 368/682/1470
f 370/588/1474 373/590/1479 372/488/1481 371/487/1475
f 373/590/1479 376/592/1484 375/494/1486 374/493/1480
f 376/592/1484 379/594/1489 378/500/1491 377/499/1485
f 379/594/1489 382/596/1494 381/506/1496 380/505/1490
f 382/596/1494 385/598/1499 384/512/1501 383/511/1495
f 385/598/1499 388/600/1504 387/518/1506 386/517/1500
f 388/600/1504 391/602/1509 390/524/1511 389/523/1505
f 391/602/1509 394/604/1514 393/530/1516 392/529/1510
f 394/604/1514 397/606/1519 396/536/1521 395/535/1515
f 397/606/1519 400/608/1524 399/542/1526 398/541/1520
f 400/608/1524 403/610/1529 402/548/1531 401/547/1525
f 403/610/1529 406/612/1534 405/554/1536 404/553/1530
f 406/612/1534 409/614/1539 408/560/1541 407/559/1535
f 409/614/1539 412/616/1544 411/566/1546 410/565/1540
f 412/616/1544 415/618/1549 414/572/1551 413/571/1545
f 415/618/1549 418/620/1554 417/578/1556 416/577/1550
f 418/620/1554 361/581/1463 420/580/1462 419/579/1555
s 66
f 421/574/1445 440/463/1279 439/462/1278 438/472/1292 437/478/1301 436/484/1310 435/490/1319 434/496/1328 433/502/1337 432/508/1346 431/514/1355 430/520/1364 429/526/1373 428/532/1382 427/538/1391 426/544/1400 425/550/1409 424/556/1418 423/562/1427 422/568/1436
s 87
f 441/582/1458 460/619/1552 459/617/1547 458/615/1542 457/613/1537 456/611/1532 455/609/1527 454/607/1522 453/605/1517 452/603/1512 451/601/1507 450/599/1502 449/597/1497 448/595/1492 447/593/1487 446/591/1482 445/589/1477 444/587/1472 443/585/1467 442/583/1459
s off
f 621/621/1557 622/622/1558 624/623/1559 623/624/1560
f 623/624/1561 624/623/1562 626/668/1563 625/626/1564
f 625/626/1565 626/668/1566 628/669/1567 627/628/1568
f 627/628/1569 628/627/1570 622/622/1571 621/621/1572
f 622/622/1573 628/627/1574 626/625/1575 624/623/1576
f 627/628/1577 621/621/1578 623/624/1579 625/626/1580
f 149/244/1581 153/665/1582 630/274/1583 629/273/1584
f 153/665/1585 642/647/1586 631/275/1587 630/274/1588
f 643/646/1589 634/636/1590 632/276/1591 631/275/1592
f 635/640/1593 149/244/1594 629/273/1595 632/276/1596
f 177/265/1597 178/663/1598 224/630/1599 649/650/1600
f 178/270/1601 183/667/1602 195/631/1603 656/660/1604
f 183/246/1605 184/245/1606 194/632/1607 641/644/1608
f 184/245/1609 177/664/1610 220/629/1611 633/633/1612
